id,categories,title,titleCN,image_filename,example_code_path,series_types_detected,data_source_type,dimensions_count_detected,dataset_source_rows_detected,dataset_or_row_field_count_detected,max_inline_array_width_detected,max_object_fields_detected,data_requirement_summary,analysis_confidence
bar-histogram,custom,Histogram with Custom Series,直方图（自定义系列）,bar-histogram.png,public/examples/ts/bar-histogram.ts,bar;scatter,dataset+dataset.source,1,31,1,2,,"点坐标: x, y（可附加 value/size 等）；类目/时间 + 数值，或多维 dataset；自定义 series；字段由 renderItem/encode 决定",medium（基于官方示例源码静态解析 + 分类规则）
bar-simple,bar,Basic Bar,基础柱状图,bar-simple.png,public/examples/ts/bar-simple.ts,bar,series.data,,,2+（类目/时间 + value；多系列可更多）,,,类目/时间 + 数值，或多维 dataset,medium（基于官方示例源码静态解析 + 分类规则）
bar-tick-align,bar,Axis Align with Tick,坐标轴刻度与标签对齐,bar-tick-align.png,public/examples/ts/bar-tick-align.ts,bar,series.data,,,2+（类目/时间 + value；多系列可更多）,,,类目/时间 + 数值，或多维 dataset,medium（基于官方示例源码静态解析 + 分类规则）
calendar-simple,calendar,Simple Calendar,基础日历图,calendar-simple.png,public/examples/ts/calendar-simple.ts,heatmap,series.data,,,"3（x,y,value）",,,"三元组: x, y, value（3 字段）；日期 + 数值: date, value",medium（基于官方示例源码静态解析 + 分类规则）
candlestick-simple,candlestick,Basic Candlestick,基础 K 线图,candlestick-simple.png,public/examples/ts/candlestick-simple.ts,candlestick,series.data,,,4,4,,"OHLC: open, close, low, high（常见 4 个数值字段，可附加日期/名称）",medium（基于官方示例源码静态解析 + 分类规则）
chord-simple,chord,Basic Chord,基础和弦图,chord-simple.png,public/examples/ts/chord-simple.ts,chord,dataset.source+series.data+nodes+links,,,3,,3,见示例 option；字段由 series/dataset encode 决定,medium（基于官方示例源码静态解析 + 分类规则）
data-transform-sort-bar,dataset;bar;transform,Sort Data in Bar Chart,柱状图排序,data-transform-sort-bar.png,public/examples/ts/data-transform-sort-bar.ts,bar,dataset+dataset.source,5,9,5,5,,类目/时间 + 数值，或多维 dataset,medium（基于官方示例源码静态解析 + 分类规则）
heatmap-cartesian,heatmap,Heatmap on Cartesian,笛卡尔坐标系上的热力图,heatmap-cartesian.png,public/examples/ts/heatmap-cartesian.ts,heatmap,series.data,,,3,3,,"三元组: x, y, value（3 字段）",medium（基于官方示例源码静态解析 + 分类规则）
line-simple,line,Basic Line Chart,基础折线图,line-simple.png,public/examples/ts/line-simple.ts,line,series.data,,,2+（类目/时间 + value；多系列可更多）,,,类目/时间 + 数值，或多维 dataset,medium（基于官方示例源码静态解析 + 分类规则）
line-smooth,line,Smoothed Line Chart,基础平滑折线图,line-smooth.png,public/examples/ts/line-smooth.ts,line,series.data,,,2+（类目/时间 + value；多系列可更多）,,,类目/时间 + 数值，或多维 dataset,medium（基于官方示例源码静态解析 + 分类规则）
pie-simple,pie,Referer of a Website,某站点用户访问来源,pie-simple.png,public/examples/ts/pie-simple.ts,pie,series.data,,,2,,2,"分类名 + 数值: name, value（2 字段）",medium（基于官方示例源码静态解析 + 分类规则）
radar,radar,Basic Radar Chart,基础雷达图,radar.png,public/examples/ts/radar.ts,radar,series.data,,,2,,2,雷达多指标数组；字段数通常等于 indicator 数,medium（基于官方示例源码静态解析 + 分类规则）
sankey-simple,sankey,Basic Sankey,基础桑基图,sankey-simple.png,public/examples/ts/sankey-simple.ts,sankey,dataset.source+series.data+nodes+links,,,3,,3,"nodes + links: link 至少 source, target, value",medium（基于官方示例源码静态解析 + 分类规则）
scatter-simple,scatter,Basic Scatter Chart,基础散点图,scatter-simple.png,public/examples/ts/scatter-simple.ts,scatter,series.data,,,2,2,,"点坐标: x, y（可附加 value/size 等）",medium（基于官方示例源码静态解析 + 分类规则）
area-basic,line,Basic area chart,基础面积图,area-basic.png,public/examples/ts/area-basic.ts,line,series.data,,,2+（类目/时间 + value；多系列可更多）,,,类目/时间 + 数值，或多维 dataset,medium（基于官方示例源码静态解析 + 分类规则）
bar-background,bar,Bar with Background,带背景色的柱状图,bar-background.png,public/examples/ts/bar-background.ts,bar,series.data,,,2+（类目/时间 + value；多系列可更多）,,,类目/时间 + 数值，或多维 dataset,medium（基于官方示例源码静态解析 + 分类规则）
bar-data-color,bar,Set Style of Single Bar.,自定义单个柱子颜色,bar-data-color.png,public/examples/ts/bar-data-color.ts,bar,series.data,,,2+（类目/时间 + value；多系列可更多）,,,类目/时间 + 数值，或多维 dataset,medium（基于官方示例源码静态解析 + 分类规则）
bar-waterfall,bar,Waterfall Chart,瀑布图（柱状图模拟）,bar-waterfall.png,public/examples/ts/bar-waterfall.ts,bar,series.data,,,2+（类目/时间 + value；多系列可更多）,,,类目/时间 + 数值，或多维 dataset,medium（基于官方示例源码静态解析 + 分类规则）
calendar-heatmap,calendar;heatmap,Calendar Heatmap,日历热力图,calendar-heatmap.png,public/examples/ts/calendar-heatmap.ts,heatmap,series.data,,,"3（x,y,value）",,,"三元组: x, y, value（3 字段）；日期 + 数值: date, value",medium（基于官方示例源码静态解析 + 分类规则）
calendar-vertical,calendar;heatmap,Calendar Heatmap Vertical,纵向日历图,calendar-vertical.png,public/examples/ts/calendar-vertical.ts,heatmap,series.data,,,"3（x,y,value）",,,"三元组: x, y, value（3 字段）；日期 + 数值: date, value",medium（基于官方示例源码静态解析 + 分类规则）
chord-minAngle,chord,Chord minAngle,和弦图 minAngle,chord-minAngle.png,public/examples/ts/chord-minAngle.ts,chord,dataset.source+series.data+nodes+links,,,3,,3,见示例 option；字段由 series/dataset encode 决定,medium（基于官方示例源码静态解析 + 分类规则）
custom-ohlc,candlestick,OHLC Chart,OHLC 图（使用自定义系列）,custom-ohlc.png,public/examples/ts/custom-ohlc.ts,custom;line,series.data+external file/api,5,,5,2,,"OHLC: open, close, low, high（常见 4 个数值字段，可附加日期/名称）；类目/时间 + 数值，或多维 dataset；自定义 series；字段由 renderItem/encode 决定",medium（基于官方示例源码静态解析 + 分类规则）
custom-profit,custom,Profit,利润分布直方图,custom-profit.png,public/examples/ts/custom-profit.ts,custom,series.data,3,,3,4,,自定义 series；字段由 renderItem/encode 决定,medium（基于官方示例源码静态解析 + 分类规则）
dataset-encode0,dataset;bar,Simple Encode,指定数据到坐标轴的映射,dataset-encode0.png,public/examples/ts/dataset-encode0.ts,bar,dataset+dataset.source,,10,3,3,,类目/时间 + 数值，或多维 dataset,medium（基于官方示例源码静态解析 + 分类规则）
gauge,gauge,Gauge Basic chart,基础仪表盘,gauge.png,public/examples/ts/gauge.ts,gauge,series.data,,,2,,2,见示例 option；字段由 series/dataset encode 决定,medium（基于官方示例源码静态解析 + 分类规则）
gauge-simple,gauge,Simple Gauge,带标签数字动画的基础仪表盘,gauge-simple.png,public/examples/ts/gauge-simple.ts,gauge,series.data,,,2,,2,见示例 option；字段由 series/dataset encode 决定,medium（基于官方示例源码静态解析 + 分类规则）
graph-force2,graph,Force Layout,力引导布局,graph-force2.png,public/examples/ts/graph-force2.ts,graph,dataset.source+series.data+nodes+links,,,2,2,,nodes + links/categories；节点常含 name/value/symbolSize,medium（基于官方示例源码静态解析 + 分类规则）
line-stack,line,Stacked Line Chart,堆叠折线图,line-stack.png,public/examples/ts/line-stack.ts,line,series.data,,,2+（类目/时间 + value；多系列可更多）,,,类目/时间 + 数值，或多维 dataset,medium（基于官方示例源码静态解析 + 分类规则）
matrix-simple,matrix,Simple Matrix,简单的矩阵图,matrix-simple.png,public/examples/ts/matrix-simple.ts,heatmap,series.data,,,3,3,2,"三元组: x, y, value（3 字段）",medium（基于官方示例源码静态解析 + 分类规则）
parallel-simple,parallel,Basic Parallel,基础平行坐标,parallel-simple.png,public/examples/ts/parallel-simple.ts,parallel,series.data,,,4,4,,平行坐标多维数组；字段数等于 parallelAxis 维度数,medium（基于官方示例源码静态解析 + 分类规则）
pie-borderRadius,pie,Doughnut Chart with Rounded Corner,圆角环形图,pie-borderRadius.png,public/examples/ts/pie-borderRadius.ts,pie,series.data,,,2,,2,"分类名 + 数值: name, value（2 字段）",medium（基于官方示例源码静态解析 + 分类规则）
pie-doughnut,pie,Doughnut Chart,环形图,pie-doughnut.png,public/examples/ts/pie-doughnut.ts,pie,series.data,,,2,,2,"分类名 + 数值: name, value（2 字段）",medium（基于官方示例源码静态解析 + 分类规则）
pie-half-donut,pie,Half Doughnut Chart,半环形图,pie-half-donut.png,public/examples/ts/pie-half-donut.ts,pie,series.data,,,2,,2,"分类名 + 数值: name, value（2 字段）",medium（基于官方示例源码静态解析 + 分类规则）
pie-padAngle,pie,Pie with padAngle,饼图扇区间隙,pie-padAngle.png,public/examples/ts/pie-padAngle.ts,pie,series.data,,,2,,2,"分类名 + 数值: name, value（2 字段）",medium（基于官方示例源码静态解析 + 分类规则）
radar-aqi,radar,AQI - Radar Chart,AQI - 雷达图,radar-aqi.png,public/examples/ts/radar-aqi.ts,radar,series.data,,,7,7,,雷达多指标数组；字段数通常等于 indicator 数,medium（基于官方示例源码静态解析 + 分类规则）
sankey-vertical,sankey,Sankey Orient Vertical,垂直方向的桑基图,sankey-vertical.png,public/examples/ts/sankey-vertical.ts,sankey,dataset.source+series.data+nodes+links,,,3,,3,"nodes + links: link 至少 source, target, value",medium（基于官方示例源码静态解析 + 分类规则）
scatter-anscombe-quartet,scatter,Anscomb's quartet,安斯库姆四重奏,scatter-anscombe-quartet.png,public/examples/ts/scatter-anscombe-quartet.ts,scatter,series.data,,,2,2,,"点坐标: x, y（可附加 value/size 等）",medium（基于官方示例源码静态解析 + 分类规则）
scatter-clustering,scatter,Clustering Process,数据聚合,scatter-clustering.png,public/examples/ts/scatter-clustering.ts,scatter,dataset+dataset.source,,,2,2,3,"点坐标: x, y（可附加 value/size 等）",medium（基于官方示例源码静态解析 + 分类规则）
scatter-clustering-process,scatter,Clustering Process,聚合过程可视化,scatter-clustering-process.png,public/examples/ts/scatter-clustering-process.ts,,unknown/static option,,,2+（坐标/值，可附加维度）,,,"点坐标: x, y（可附加 value/size 等）",low（官方示例源码未在 public/examples/ts 中找到；按分类规则推断）
scatter-exponential-regression,scatter,Exponential Regression,指数回归（使用统计插件）,scatter-exponential-regression.png,public/examples/ts/scatter-exponential-regression.ts,line;scatter,dataset+dataset.source,,18,2,2,,"点坐标: x, y（可附加 value/size 等）；类目/时间 + 数值，或多维 dataset",medium（基于官方示例源码静态解析 + 分类规则）
sunburst-simple,sunburst,Basic Sunburst,基础旭日图,sunburst-simple.png,public/examples/ts/sunburst-simple.ts,sunburst,series.data,,,2,,2,层级树: name/value/children,medium（基于官方示例源码静态解析 + 分类规则）
area-stack,line,Stacked Area Chart,堆叠面积图,area-stack.png,public/examples/ts/area-stack.ts,line,series.data,,,2+（类目/时间 + value；多系列可更多）,,,类目/时间 + 数值，或多维 dataset,medium（基于官方示例源码静态解析 + 分类规则）
area-stack-gradient,line,Gradient Stacked Area Chart,渐变堆叠面积图,area-stack-gradient.png,public/examples/ts/area-stack-gradient.ts,line,series.data,,,2+（类目/时间 + value；多系列可更多）,,,类目/时间 + 数值，或多维 dataset,medium（基于官方示例源码静态解析 + 分类规则）
bar-negative2,bar,Bar Chart with Negative Value,交错正负轴标签,bar-negative2.png,public/examples/ts/bar-negative2.ts,bar,series.data,,,2,,2,类目/时间 + 数值，或多维 dataset,medium（基于官方示例源码静态解析 + 分类规则）
bar-polar-label-radial,bar,Radial Polar Bar Label Position,极坐标柱状图标签,bar-polar-label-radial.png,public/examples/ts/bar-polar-label-radial.ts,bar,series.data,,,2+（类目/时间 + value；多系列可更多）,,,类目/时间 + 数值，或多维 dataset,medium（基于官方示例源码静态解析 + 分类规则）
bar-polar-label-tangential,bar,Tangential Polar Bar Label Position,极坐标柱状图标签,bar-polar-label-tangential.png,public/examples/ts/bar-polar-label-tangential.ts,bar,series.data,,,2+（类目/时间 + value；多系列可更多）,,,类目/时间 + 数值，或多维 dataset,medium（基于官方示例源码静态解析 + 分类规则）
bar-y-category,bar,World Population,世界人口总量 - 条形图,bar-y-category.png,public/examples/ts/bar-y-category.ts,bar,series.data,,,2+（类目/时间 + value；多系列可更多）,,,类目/时间 + 数值，或多维 dataset,medium（基于官方示例源码静态解析 + 分类规则）
bump-chart,line,Bump Chart (Ranking),凹凸图,bump-chart.png,public/examples/ts/bump-chart.ts,line,series.data,,,2+（类目/时间 + value；多系列可更多）,,,类目/时间 + 数值，或多维 dataset,medium（基于官方示例源码静态解析 + 分类规则）
calendar-horizontal,calendar,Calendar Heatmap Horizontal,横向日历图,calendar-horizontal.png,public/examples/ts/calendar-horizontal.ts,heatmap,series.data,,,"3（x,y,value）",,,"三元组: x, y, value（3 字段）；日期 + 数值: date, value",medium（基于官方示例源码静态解析 + 分类规则）
candlestick-sh,candlestick,ShangHai Index,上证指数,candlestick-sh.png,public/examples/ts/candlestick-sh.ts,candlestick;line,series.data,,,5,5,,"OHLC: open, close, low, high（常见 4 个数值字段，可附加日期/名称）；类目/时间 + 数值，或多维 dataset",medium（基于官方示例源码静态解析 + 分类规则）
custom-error-scatter,custom;dataZoom,Error Scatter on Catesian,使用自定系列给散点图添加误差范围,custom-error-scatter.png,public/examples/ts/custom-error-scatter.ts,custom;line;scatter,series.data,,,7,7,,"点坐标: x, y（可附加 value/size 等）；类目/时间 + 数值，或多维 dataset；自定义 series；字段由 renderItem/encode 决定",medium（基于官方示例源码静态解析 + 分类规则）
gauge-speed,gauge,Speed Gauge,速度仪表盘,gauge-speed.png,public/examples/ts/gauge-speed.ts,gauge,series.data,,,1,,1,见示例 option；字段由 series/dataset encode 决定,medium（基于官方示例源码静态解析 + 分类规则）
graph-grid,graph,Graph on Cartesian,笛卡尔坐标系上的 Graph,graph-grid.png,public/examples/ts/graph-grid.ts,graph,dataset.source+series.data+nodes+links,,,nodes/links（节点和边对象字段不固定）,,,nodes + links/categories；节点常含 name/value/symbolSize,medium（基于官方示例源码静态解析 + 分类规则）
graph-simple,graph,Simple Graph,Graph 简单示例,graph-simple.png,public/examples/ts/graph-simple.ts,graph,dataset.source+series.data+nodes+links,,,nodes/links（节点和边对象字段不固定）,,,nodes + links/categories；节点常含 name/value/symbolSize,medium（基于官方示例源码静态解析 + 分类规则）
heatmap-large,heatmap,Heatmap - 20K data,热力图 - 2w 数据,heatmap-large.png,public/examples/ts/heatmap-large.ts,heatmap,series.data,,,"3（x,y,value）",,,"三元组: x, y, value（3 字段）",medium（基于官方示例源码静态解析 + 分类规则）
heatmap-large-piecewise,heatmap,Heatmap - Discrete Mapping of Color,热力图 - 颜色的离散映射,heatmap-large-piecewise.png,public/examples/ts/heatmap-large-piecewise.ts,heatmap,series.data,,,"3（x,y,value）",,,"三元组: x, y, value（3 字段）",medium（基于官方示例源码静态解析 + 分类规则）
line-marker,line,Temperature Change in the Coming Week,未来一周气温变化,line-marker.png,public/examples/ts/line-marker.ts,line,series.data,,,4,,4,类目/时间 + 数值，或多维 dataset,medium（基于官方示例源码静态解析 + 分类规则）
matrix-correlation-heatmap,matrix,Correlation Matrix (Heatmap),相关矩阵（热力图）,matrix-correlation-heatmap.png,public/examples/ts/matrix-correlation-heatmap.ts,heatmap,series.data,,,1,,1,"三元组: x, y, value（3 字段）",medium（基于官方示例源码静态解析 + 分类规则）
matrix-correlation-scatter,matrix,Correlation Matrix (Scatter),相关矩阵（散点图）,matrix-correlation-scatter.png,public/examples/ts/matrix-correlation-scatter.ts,scatter,series.data,,,1,,1,"点坐标: x, y（可附加 value/size 等）",medium（基于官方示例源码静态解析 + 分类规则）
matrix-covariance,matrix,Covariance Matrix,协方差矩阵,matrix-covariance.png,public/examples/ts/matrix-covariance.ts,heatmap,series.data,,,1,,1,"三元组: x, y, value（3 字段）",medium（基于官方示例源码静态解析 + 分类规则）
matrix-graph,matrix,Graph Chart in Matrix,矩阵布局下的关系图,matrix-graph.png,public/examples/ts/matrix-graph.ts,graph,dataset.source+series.data+nodes+links,,,4,4,,nodes + links/categories；节点常含 name/value/symbolSize,medium（基于官方示例源码静态解析 + 分类规则）
matrix-pie,matrix,Pie Charts in Matrix,矩阵布局下的饼图,matrix-pie.png,public/examples/ts/matrix-pie.ts,pie,unknown/static option,,,2,,2,"分类名 + 数值: name, value（2 字段）",medium（基于官方示例源码静态解析 + 分类规则）
parallel-aqi,parallel,Parallel Aqi,AQI 分布（平行坐标）,parallel-aqi.png,public/examples/ts/parallel-aqi.ts,parallel,series.data,,,8,8,,平行坐标多维数组；字段数等于 parallelAxis 维度数,medium（基于官方示例源码静态解析 + 分类规则）
pie-custom,pie,Customized Pie,饼图自定义样式,pie-custom.png,public/examples/ts/pie-custom.ts,pie,series.data,,,2,,2,"分类名 + 数值: name, value（2 字段）",medium（基于官方示例源码静态解析 + 分类规则）
pie-pattern,pie,Texture on Pie Chart,饼图纹理,pie-pattern.png,public/examples/ts/pie-pattern.ts,pie,series.data,,,2,,2,"分类名 + 数值: name, value（2 字段）",medium（基于官方示例源码静态解析 + 分类规则）
pie-roseType,pie,Nightingale Chart,南丁格尔玫瑰图,pie-roseType.png,public/examples/ts/pie-roseType.ts,pie,series.data,,,2,,2,"分类名 + 数值: name, value（2 字段）",medium（基于官方示例源码静态解析 + 分类规则）
pie-roseType-simple,pie,Nightingale Chart,基础南丁格尔玫瑰图,pie-roseType-simple.png,public/examples/ts/pie-roseType-simple.ts,pie,series.data,,,2,,2,"分类名 + 数值: name, value（2 字段）",medium（基于官方示例源码静态解析 + 分类规则）
polar-endAngle,bar,Polar endAngle,极坐标系 endAngle,polar-endAngle.png,public/examples/ts/polar-endAngle.ts,bar,series.data,,,2+（类目/时间 + value；多系列可更多）,,,类目/时间 + 数值，或多维 dataset,medium（基于官方示例源码静态解析 + 分类规则）
radar-custom,radar,Customized Radar Chart,自定义雷达图,radar-custom.png,public/examples/ts/radar-custom.ts,radar,series.data,,,2,,2,雷达多指标数组；字段数通常等于 indicator 数,medium（基于官方示例源码静态解析 + 分类规则）
sankey-itemstyle,sankey,Specify ItemStyle for Each Node in Sankey,桑基图节点自定义样式,sankey-itemstyle.png,public/examples/ts/sankey-itemstyle.ts,sankey,dataset.source+series.data+nodes+links,,,3,,3,"nodes + links: link 至少 source, target, value",medium（基于官方示例源码静态解析 + 分类规则）
sankey-levels,sankey,Sankey with Levels Setting,桑基图层级自定义样式,sankey-levels.png,public/examples/ts/sankey-levels.ts,sankey,series.data+external file/api+nodes+links,,,"3（source,target,value）+ nodes",,,"nodes + links: link 至少 source, target, value",medium（基于官方示例源码静态解析 + 分类规则）
scatter-effect,scatter,Effect Scatter Chart,涟漪特效散点图,scatter-effect.png,public/examples/ts/scatter-effect.ts,effectScatter;scatter,series.data,,,2,2,,"点坐标: x, y（可附加 value/size 等）",medium（基于官方示例源码静态解析 + 分类规则）
scatter-linear-regression,scatter,Linear Regression,线性回归（使用统计插件）,scatter-linear-regression.png,public/examples/ts/scatter-linear-regression.ts,line;scatter,dataset+dataset.source,,,2,2,,"点坐标: x, y（可附加 value/size 等）；类目/时间 + 数值，或多维 dataset",medium（基于官方示例源码静态解析 + 分类规则）
scatter-polynomial-regression,scatter,Polynomial Regression,多项式回归（使用统计插件）,scatter-polynomial-regression.png,public/examples/ts/scatter-polynomial-regression.ts,line;scatter,dataset+dataset.source,,,2,2,,"点坐标: x, y（可附加 value/size 等）；类目/时间 + 数值，或多维 dataset",medium（基于官方示例源码静态解析 + 分类规则）
sunburst-borderRadius,sunburst,Sunburst with Rounded Corner,圆角旭日图,sunburst-borderRadius.png,public/examples/ts/sunburst-borderRadius.ts,sunburst,series.data,,,2,,2,层级树: name/value/children,medium（基于官方示例源码静态解析 + 分类规则）
sunburst-label-rotate,sunburst,Sunburst Label Rotate,旭日图标签旋转,sunburst-label-rotate.png,public/examples/ts/sunburst-label-rotate.ts,sunburst,series.data,,,1,,1,层级树: name/value/children,medium（基于官方示例源码静态解析 + 分类规则）
area-pieces,line;visualMap,Area Pieces,折线图区域高亮,area-pieces.png,public/examples/ts/area-pieces.ts,line,series.data,,,2,2,,类目/时间 + 数值，或多维 dataset,medium（基于官方示例源码静态解析 + 分类规则）
bar-breaks-simple,bar,Bar Chart with Axis Breaks,断轴上的柱状图,bar-breaks-simple.png,public/examples/ts/bar-breaks-simple.ts,bar,series.data,,,2+（类目/时间 + value；多系列可更多）,,,类目/时间 + 数值，或多维 dataset,medium（基于官方示例源码静态解析 + 分类规则）
bar-gradient,bar,Clickable Column Chart with Gradient,特性示例：渐变色 阴影 点击缩放,bar-gradient.png,public/examples/ts/bar-gradient.ts,bar,series.data,,,2+（类目/时间 + value；多系列可更多）,,,类目/时间 + 数值，或多维 dataset,medium（基于官方示例源码静态解析 + 分类规则）
bar-label-rotation,bar,Bar Label Rotation,柱状图标签旋转,bar-label-rotation.png,public/examples/ts/bar-label-rotation.ts,bar,series.data,,,2+（类目/时间 + value；多系列可更多）,,,类目/时间 + 数值，或多维 dataset,medium（基于官方示例源码静态解析 + 分类规则）
bar-stack,bar,Stacked Column Chart,堆叠柱状图,bar-stack.png,public/examples/ts/bar-stack.ts,bar,series.data,,,2,2,,类目/时间 + 数值，或多维 dataset,medium（基于官方示例源码静态解析 + 分类规则）
bar-stack-borderRadius,bar,Stacked Bar with borderRadius,带圆角的堆积柱状图,bar-stack-borderRadius.png,public/examples/ts/bar-stack-borderRadius.ts,bar,series.data,,,2,,2,类目/时间 + 数值，或多维 dataset,medium（基于官方示例源码静态解析 + 分类规则）
bar-stack-normalization,bar,Stacked Bar Normalization,堆叠柱状图的归一化,bar-stack-normalization.png,public/examples/ts/bar-stack-normalization.ts,bar,series.data,,,7,7,,类目/时间 + 数值，或多维 dataset,medium（基于官方示例源码静态解析 + 分类规则）
bar-stack-normalization-and-variation,bar,Stacked Bar Normalization and Variation,堆叠柱状图的归一化和变化,bar-stack-normalization-and-variation.png,public/examples/ts/bar-stack-normalization-and-variation.ts,bar,series.data,,,7,7,,类目/时间 + 数值，或多维 dataset,medium（基于官方示例源码静态解析 + 分类规则）
bar-waterfall2,bar,Waterfall Chart,阶梯瀑布图（柱状图模拟）,bar-waterfall2.png,public/examples/ts/bar-waterfall2.ts,bar,series.data,,,2+（类目/时间 + value；多系列可更多）,,,类目/时间 + 数值，或多维 dataset,medium（基于官方示例源码静态解析 + 分类规则）
bar-y-category-stack,bar,Stacked Horizontal Bar,堆叠条形图,bar-y-category-stack.png,public/examples/ts/bar-y-category-stack.ts,bar,series.data,,,2+（类目/时间 + value；多系列可更多）,,,类目/时间 + 数值，或多维 dataset,medium（基于官方示例源码静态解析 + 分类规则）
candlestick-large,candlestick,Large Scale Candlestick,大数据量K线图,candlestick-large.png,public/examples/ts/candlestick-large.ts,bar;candlestick;line,dataset+dataset.source+series.data,,,2,,2,"OHLC: open, close, low, high（常见 4 个数值字段，可附加日期/名称）；类目/时间 + 数值，或多维 dataset",medium（基于官方示例源码静态解析 + 分类规则）
chord-lineStyle-color,chord,Chord lineStyle.color,和弦图边的颜色,chord-lineStyle-color.png,public/examples/ts/chord-lineStyle-color.ts,chord,dataset.source+series.data+nodes+links,,,3,,3,见示例 option；字段由 series/dataset encode 决定,medium（基于官方示例源码静态解析 + 分类规则）
custom-bar-trend,custom,Custom Bar Trend,使用自定义系列添加柱状图趋势,custom-bar-trend.png,public/examples/ts/custom-bar-trend.ts,bar;custom,series.data,,,2+（类目/时间 + value；多系列可更多）,,,类目/时间 + 数值，或多维 dataset；自定义 series；字段由 renderItem/encode 决定,medium（基于官方示例源码静态解析 + 分类规则）
custom-cartesian-polygon,custom,Custom Cartesian Polygon,自定义多边形图,custom-cartesian-polygon.png,public/examples/ts/custom-cartesian-polygon.ts,custom,series.data,,,自定义（由 encode/renderItem 决定）,,,自定义 series；字段由 renderItem/encode 决定,medium（基于官方示例源码静态解析 + 分类规则）
custom-error-bar,custom,Error Bar on Catesian,使用自定系列给柱状图添加误差范围,custom-error-bar.png,public/examples/ts/custom-error-bar.ts,bar;custom;line,series.data,,,2+（类目/时间 + value；多系列可更多）,,,类目/时间 + 数值，或多维 dataset；自定义 series；字段由 renderItem/encode 决定,medium（基于官方示例源码静态解析 + 分类规则）
custom-profile,custom,Profile,性能分析图,custom-profile.png,public/examples/ts/custom-profile.ts,,unknown/static option,,,自定义（由 encode/renderItem 决定）,,,自定义 series；字段由 renderItem/encode 决定,low（官方示例源码未在 public/examples/ts 中找到；按分类规则推断）
cycle-plot,custom,Cycle Plot,周期图,cycle-plot.png,public/examples/ts/cycle-plot.ts,,unknown/static option,,,自定义（由 encode/renderItem 决定）,,,自定义 series；字段由 renderItem/encode 决定,low（官方示例源码未在 public/examples/ts 中找到；按分类规则推断）
data-transform-filter,line,Data Transform Filter,数据过滤,data-transform-filter.png,public/examples/ts/data-transform-filter.ts,line,dataset+dataset.source+external file/api,,,2+（类目/时间 + value；多系列可更多）,,,类目/时间 + 数值，或多维 dataset,medium（基于官方示例源码静态解析 + 分类规则）
data-transform-multiple-pie,dataset;pie;transform,Partition Data to Pies,分割数据到数个饼图,data-transform-multiple-pie.png,public/examples/ts/data-transform-multiple-pie.ts,pie,dataset+dataset.source,,21,4,4,2,"分类名 + 数值: name, value（2 字段）",medium（基于官方示例源码静态解析 + 分类规则）
dataset-default,dataset;pie,Default arrangement,默认 encode 设置,dataset-default.png,public/examples/ts/dataset-default.ts,pie,dataset+dataset.source,,5,7,7,2,"分类名 + 数值: name, value（2 字段）",medium（基于官方示例源码静态解析 + 分类规则）
dataset-encode1,dataset,Encode and Matrix,指定数据到坐标轴的映射,dataset-encode1.png,public/examples/ts/dataset-encode1.ts,scatter,dataset+dataset.source+external file/api,5,,5,,,"点坐标: x, y（可附加 value/size 等）",medium（基于官方示例源码静态解析 + 分类规则）
gauge-progress,gauge,Progress Gauge,进度仪表盘,gauge-progress.png,public/examples/ts/gauge-progress.ts,gauge,series.data,,,1,,1,见示例 option；字段由 series/dataset encode 决定,medium（基于官方示例源码静态解析 + 分类规则）
gauge-stage,gauge,Stage Speed Gauge,阶段速度仪表盘,gauge-stage.png,public/examples/ts/gauge-stage.ts,gauge,series.data,,,2,2,1,见示例 option；字段由 series/dataset encode 决定,medium（基于官方示例源码静态解析 + 分类规则）
geo-graph,map;graph,Geo Graph,地理坐标系上的关系图,geo-graph.png,public/examples/ts/geo-graph.ts,graph,dataset.source+series.data+external file/api+map/geoJSON,,,2,,2,"nodes + links/categories；节点常含 name/value/symbolSize；地图区域名 + 数值: name, value；另需 map/geoJSON",medium（基于官方示例源码静态解析 + 分类规则）
graph-force,graph,Force Layout,力引导布局,graph-force.png,public/examples/ts/graph-force.ts,graph,series.data+external file/api+nodes+links,,,nodes/links（节点和边对象字段不固定）,,,nodes + links/categories；节点常含 name/value/symbolSize,medium（基于官方示例源码静态解析 + 分类规则）
graph-label-overlap,graph,Hide Overlapped Label,关系图自动隐藏重叠标签,graph-label-overlap.png,public/examples/ts/graph-label-overlap.ts,graph,series.data+external file/api+nodes+links,,,nodes/links（节点和边对象字段不固定）,,,nodes + links/categories；节点常含 name/value/symbolSize,medium（基于官方示例源码静态解析 + 分类规则）
line-gradient,line,Line Gradient,折线图的渐变,line-gradient.png,public/examples/ts/line-gradient.ts,line,series.data,,,2,2,,类目/时间 + 数值，或多维 dataset,medium（基于官方示例源码静态解析 + 分类规则）
line-sections,line,Distribution of Electricity,一天用电量分布,line-sections.png,public/examples/ts/line-sections.ts,line,series.data,,,2,2,,类目/时间 + 数值，或多维 dataset,medium（基于官方示例源码静态解析 + 分类规则）
matrix-confusion,matrix,Confusion Matrix,混淆矩阵,matrix-confusion.png,public/examples/ts/matrix-confusion.ts,custom,series.data,,,3,3,,自定义 series；字段由 renderItem/encode 决定,medium（基于官方示例源码静态解析 + 分类规则）
matrix-grid-layout,matrix,Responsive grid layout based on matrix,矩阵中响应式网格布局,matrix-grid-layout.png,public/examples/ts/matrix-grid-layout.ts,,unknown/static option,,,,,,见示例 option；字段由 series/dataset encode 决定,low（官方示例源码未在 public/examples/ts 中找到；按分类规则推断）
matrix-stock,matrix;candlestick,Matrix Stock Application,股市矩阵图,matrix-stock.png,public/examples/ts/matrix-stock.ts,bar;line,series.data,,,2,2,,"OHLC: open, close, low, high（常见 4 个数值字段，可附加日期/名称）；类目/时间 + 数值，或多维 dataset",medium（基于官方示例源码静态解析 + 分类规则）
pie-alignTo,pie,Pie Label Align,饼图标签对齐,pie-alignTo.png,public/examples/ts/pie-alignTo.ts,pie,series.data,,,2,,2,"分类名 + 数值: name, value（2 字段）",medium（基于官方示例源码静态解析 + 分类规则）
pie-labelLine-adjust,pie,Label Line Adjust,饼图引导线调整,pie-labelLine-adjust.png,public/examples/ts/pie-labelLine-adjust.ts,pie,series.data,,,6,6,2,"分类名 + 数值: name, value（2 字段）",medium（基于官方示例源码静态解析 + 分类规则）
radar2,radar,Proportion of Browsers,浏览器占比变化,radar2.png,public/examples/ts/radar2.ts,radar,series.data,,,2,,2,雷达多指标数组；字段数通常等于 indicator 数,medium（基于官方示例源码静态解析 + 分类规则）
sankey-energy,sankey,Gradient Edge,桑基图渐变色边,sankey-energy.png,public/examples/ts/sankey-energy.ts,sankey,series.data+external file/api+nodes+links,,,"3（source,target,value）+ nodes",,,"nodes + links: link 至少 source, target, value",medium（基于官方示例源码静态解析 + 分类规则）
sankey-nodeAlign-left,sankey,Node Align Left in Sankey,桑基图左对齐布局,sankey-nodeAlign-left.png,public/examples/ts/sankey-nodeAlign-left.ts,sankey,series.data+external file/api+nodes+links,,,"3（source,target,value）+ nodes",,,"nodes + links: link 至少 source, target, value",medium（基于官方示例源码静态解析 + 分类规则）
sankey-nodeAlign-right,sankey,Node Align Right in Sankey,桑基图右对齐布局,sankey-nodeAlign-right.png,public/examples/ts/sankey-nodeAlign-right.ts,sankey,series.data+external file/api+nodes+links,,,"3（source,target,value）+ nodes",,,"nodes + links: link 至少 source, target, value",medium（基于官方示例源码静态解析 + 分类规则）
scatter-jitter,scatter,Scatter with Jittering,带抖动的散点图,scatter-jitter.png,public/examples/ts/scatter-jitter.ts,scatter,series.data,,,2+（坐标/值，可附加维度）,,,"点坐标: x, y（可附加 value/size 等）",medium（基于官方示例源码静态解析 + 分类规则）
scatter-punchCard,scatter,Punch Card of Github,GitHub 打卡气泡图,scatter-punchCard.png,public/examples/ts/scatter-punchCard.ts,scatter,series.data,,,3,3,,"点坐标: x, y（可附加 value/size 等）",medium（基于官方示例源码静态解析 + 分类规则）
scatter-single-axis,scatter,Scatter on Single Axis,单轴散点图,scatter-single-axis.png,public/examples/ts/scatter-single-axis.ts,scatter,series.data,,,3,3,,"点坐标: x, y（可附加 value/size 等）",medium（基于官方示例源码静态解析 + 分类规则）
scatter-weight,scatter,Distribution of Height and Weight,男性女性身高体重分布,scatter-weight.png,public/examples/ts/scatter-weight.ts,scatter,series.data,,,2,2,,"点坐标: x, y（可附加 value/size 等）",medium（基于官方示例源码静态解析 + 分类规则）
sunburst-monochrome,sunburst,Monochrome Sunburst,单色旭日图,sunburst-monochrome.png,public/examples/ts/sunburst-monochrome.ts,sunburst,series.data,,,2,,2,层级树: name/value/children,medium（基于官方示例源码静态解析 + 分类规则）
area-simple,line;dataZoom,Large scale area chart,大数据量面积图,area-simple.png,public/examples/ts/area-simple.ts,line,series.data,,,2+（类目/时间 + value；多系列可更多）,,,类目/时间 + 数值，或多维 dataset,medium（基于官方示例源码静态解析 + 分类规则）
bar-brush,bar,Brush Select on Column Chart,柱状图框选,bar-brush.png,public/examples/ts/bar-brush.ts,bar,series.data,,,2+（类目/时间 + value；多系列可更多）,,,类目/时间 + 数值，或多维 dataset,medium（基于官方示例源码静态解析 + 分类规则）
bar-negative,bar,Bar Chart with Negative Value,正负条形图,bar-negative.png,public/examples/ts/bar-negative.ts,bar,series.data,,,2+（类目/时间 + value；多系列可更多）,,,类目/时间 + 数值，或多维 dataset,medium（基于官方示例源码静态解析 + 分类规则）
bar1,bar,Rainfall and Evaporation,某地区蒸发量和降水量,bar1.png,public/examples/ts/bar1.ts,bar,series.data,,,4,,4,类目/时间 + 数值，或多维 dataset,medium（基于官方示例源码静态解析 + 分类规则）
calendar-graph,calendar;graph,Calendar Graph,日历关系图,calendar-graph.png,public/examples/ts/calendar-graph.ts,graph;heatmap,dataset.source+series.data+nodes+links,,,2,2,,"nodes + links/categories；节点常含 name/value/symbolSize；三元组: x, y, value（3 字段）；日期 + 数值: date, value",medium（基于官方示例源码静态解析 + 分类规则）
calendar-lunar,calendar,Calendar Lunar,农历日历图,calendar-lunar.png,public/examples/ts/calendar-lunar.ts,heatmap;scatter,series.data+map/geoJSON,,,2,2,,"三元组: x, y, value（3 字段）；点坐标: x, y（可附加 value/size 等）；日期 + 数值: date, value",medium（基于官方示例源码静态解析 + 分类规则）
candlestick-touch,candlestick,Axis Pointer Link and Touch,触屏上的坐标轴指示器,candlestick-touch.png,public/examples/ts/candlestick-touch.ts,bar;candlestick;line,series.data,,,10,10,,"OHLC: open, close, low, high（常见 4 个数值字段，可附加日期/名称）；类目/时间 + 数值，或多维 dataset",medium（基于官方示例源码静态解析 + 分类规则）
confidence-band,line,Confidence Band,置信带,confidence-band.png,public/examples/ts/confidence-band.ts,line,series.data+external file/api,,,4,,4,类目/时间 + 数值，或多维 dataset,medium（基于官方示例源码静态解析 + 分类规则）
custom-gantt-flight,custom;dataZoom,Gantt Chart of Airport Flights,机场航班甘特图,custom-gantt-flight.png,public/examples/ts/custom-gantt-flight.ts,,unknown/static option,,,自定义（由 encode/renderItem 决定）,,,自定义 series；字段由 renderItem/encode 决定,low（官方示例源码未在 public/examples/ts 中找到；按分类规则推断）
custom-polar-heatmap,custom,Polar Heatmap,极坐标热力图（自定义系列）,custom-polar-heatmap.png,public/examples/ts/custom-polar-heatmap.ts,custom,series.data,,,3,3,,自定义 series；字段由 renderItem/encode 决定,medium（基于官方示例源码静态解析 + 分类规则）
data-transform-aggregate,boxplot,Data Transform Simple Aggregate,简单的数据聚合,data-transform-aggregate.png,public/examples/ts/data-transform-aggregate.ts,,unknown/static option,,,6+（类目 + min/Q1/median/Q3/max）,,,"boxplot 五数概括: min, Q1, median, Q3, max（5 个数值字段）",low（官方示例源码未在 public/examples/ts 中找到；按分类规则推断）
flame-graph,custom,Flame graph,火焰图,flame-graph.png,public/examples/ts/flame-graph.ts,custom,series.data+external file/api,,,3,,3,自定义 series；字段由 renderItem/encode 决定,medium（基于官方示例源码静态解析 + 分类规则）
gauge-grade,gauge,Grade Gauge,等级仪表盘,gauge-grade.png,public/examples/ts/gauge-grade.ts,gauge,series.data,,,2,2,2,见示例 option；字段由 series/dataset encode 决定,medium（基于官方示例源码静态解析 + 分类规则）
gauge-multi-title,gauge,Multi Title Gauge,多标题仪表盘,gauge-multi-title.png,public/examples/ts/gauge-multi-title.ts,gauge,series.data,,,,,,见示例 option；字段由 series/dataset encode 决定,medium（基于官方示例源码静态解析 + 分类规则）
gauge-temperature,gauge,Temperature Gauge chart,气温仪表盘,gauge-temperature.png,public/examples/ts/gauge-temperature.ts,gauge,series.data,,,1,,1,见示例 option；字段由 series/dataset encode 决定,medium（基于官方示例源码静态解析 + 分类规则）
graph,graph,Les Miserables,悲惨世界人物关系图,graph.png,public/examples/ts/graph.ts,graph,series.data+external file/api+nodes+links,,,nodes/links（节点和边对象字段不固定）,,,nodes + links/categories；节点常含 name/value/symbolSize,medium（基于官方示例源码静态解析 + 分类规则）
grid-multiple,line,Rainfall vs Evaporation,雨量蒸发量关系图,grid-multiple.png,public/examples/ts/grid-multiple.ts,line,series.data,,,2+（类目/时间 + value；多系列可更多）,,,类目/时间 + 数值，或多维 dataset,medium（基于官方示例源码静态解析 + 分类规则）
intraday-breaks-1,candlestick;line,Intraday Chart with Breaks,断轴上的日内走势图,intraday-breaks-1.png,public/examples/ts/intraday-breaks-1.ts,line,series.data,,,5+（日期/类目 + open/close/low/high）,,,"OHLC: open, close, low, high（常见 4 个数值字段，可附加日期/名称）；类目/时间 + 数值，或多维 dataset",medium（基于官方示例源码静态解析 + 分类规则）
intraday-breaks-2,candlestick;line,Intraday Chart with Breaks (II),断轴上的日内走势图 (II),intraday-breaks-2.png,public/examples/ts/intraday-breaks-2.ts,line,series.data,,,5+（日期/类目 + open/close/low/high）,,,"OHLC: open, close, low, high（常见 4 个数值字段，可附加日期/名称）；类目/时间 + 数值，或多维 dataset",medium（基于官方示例源码静态解析 + 分类规则）
line-aqi,line,Beijing AQI,北京 AQI 可视化,line-aqi.png,public/examples/ts/line-aqi.ts,line,series.data+external file/api,,,2+（类目/时间 + value；多系列可更多）,,,类目/时间 + 数值，或多维 dataset,medium（基于官方示例源码静态解析 + 分类规则）
mix-line-bar,bar,Mixed Line and Bar,折柱混合,mix-line-bar.png,public/examples/ts/mix-line-bar.ts,bar;line,series.data,,,2+（类目/时间 + value；多系列可更多）,,,类目/时间 + 数值，或多维 dataset,medium（基于官方示例源码静态解析 + 分类规则）
mix-zoom-on-value,bar,Mix Zoom On Value,多数值轴轴缩放,mix-zoom-on-value.png,public/examples/ts/mix-zoom-on-value.ts,bar,series.data+external file/api,,,2+（类目/时间 + value；多系列可更多）,,,类目/时间 + 数值，或多维 dataset,medium（基于官方示例源码静态解析 + 分类规则）
multiple-x-axis,line,Multiple X Axes,多 X 轴,multiple-x-axis.png,public/examples/ts/multiple-x-axis.ts,line,series.data,,,2+（类目/时间 + value；多系列可更多）,,,类目/时间 + 数值，或多维 dataset,medium（基于官方示例源码静态解析 + 分类规则）
multiple-y-axis,bar,Multiple Y Axes,多 Y 轴示例,multiple-y-axis.png,public/examples/ts/multiple-y-axis.ts,bar;line,series.data,,,2+（类目/时间 + value；多系列可更多）,,,类目/时间 + 数值，或多维 dataset,medium（基于官方示例源码静态解析 + 分类规则）
parallel-nutrients,parallel,Parallel Nutrients,营养结构（平行坐标）,parallel-nutrients.png,public/examples/ts/parallel-nutrients.ts,parallel,series.data+external file/api,,,多维数组（字段数随 indicator/axis 数变化）,,,平行坐标多维数组；字段数等于 parallelAxis 维度数,medium（基于官方示例源码静态解析 + 分类规则）
pictorialBar-bar-transition,pictorialBar;animation,Transition between pictorialBar and bar,象形主图变形为柱状图,pictorialBar-bar-transition.png,public/examples/ts/pictorialBar-bar-transition.ts,bar,series.data,,,2,,2,类目/时间 + 数值，或多维 dataset,medium（基于官方示例源码静态解析 + 分类规则）
pie-legend,pie,Pie with Scrollable Legend,可滚动的图例,pie-legend.png,public/examples/ts/pie-legend.ts,pie,series.data,,,2,,2,"分类名 + 数值: name, value（2 字段）",medium（基于官方示例源码静态解析 + 分类规则）
pie-rich-text,pie;rich,Pie Special Label,富文本标签,pie-rich-text.png,public/examples/ts/pie-rich-text.ts,pie,series.data+external file/api,,,2,,2,"分类名 + 数值: name, value（2 字段）",medium（基于官方示例源码静态解析 + 分类规则）
scatter-aggregate-bar,scatter;animation,Aggregate Scatter to Bar,散点图聚合为柱状图动画,scatter-aggregate-bar.png,public/examples/ts/scatter-aggregate-bar.ts,bar;scatter,series.data,,,2,2,2,"点坐标: x, y（可附加 value/size 等）；类目/时间 + 数值，或多维 dataset",medium（基于官方示例源码静态解析 + 分类规则）
scatter-label-align-right,scatter,Align Label on the Top,散点图标签顶部对齐,scatter-label-align-right.png,public/examples/ts/scatter-label-align-right.ts,scatter,series.data,,,5,5,,"点坐标: x, y（可附加 value/size 等）",medium（基于官方示例源码静态解析 + 分类规则）
scatter-label-align-top,scatter,Align Label on the Top,散点图标签顶部对齐,scatter-label-align-top.png,public/examples/ts/scatter-label-align-top.ts,scatter,series.data,,,5,5,,"点坐标: x, y（可附加 value/size 等）",medium（基于官方示例源码静态解析 + 分类规则）
scatter-symbol-morph,scatter,Symbol Shape Morph,散点图变形动画,scatter-symbol-morph.png,public/examples/ts/scatter-symbol-morph.ts,scatter,series.data,,,2+（坐标/值，可附加维度）,,,"点坐标: x, y（可附加 value/size 等）",medium（基于官方示例源码静态解析 + 分类规则）
sunburst-visualMap,sunburst,Sunburst VisualMap,旭日图使用视觉编码,sunburst-visualMap.png,public/examples/ts/sunburst-visualMap.ts,sunburst,series.data,,,2,,2,层级树: name/value/children,medium（基于官方示例源码静态解析 + 分类规则）
treemap-sunburst-transition,treemap,Transition between Treemap and Sunburst,矩形树图和旭日图的动画过渡,treemap-sunburst-transition.png,public/examples/ts/treemap-sunburst-transition.ts,sunburst;treemap,series.data+external file/api,,,"层级对象（name,value,children）",,,层级树: name/value/children,medium（基于官方示例源码静态解析 + 分类规则）
area-rainfall,line,Rainfall,雨量流量关系图,area-rainfall.png,public/examples/ts/area-rainfall.ts,line,series.data,,,2,2,,类目/时间 + 数值，或多维 dataset,medium（基于官方示例源码静态解析 + 分类规则）
area-time-axis,line,Area Chart with Time Axis,时间轴折线图,area-time-axis.png,public/examples/ts/area-time-axis.ts,line,series.data,,,2,2,,类目/时间 + 数值，或多维 dataset,medium（基于官方示例源码静态解析 + 分类规则）
bar-animation-delay,bar,Animation Delay,柱状图动画延迟,bar-animation-delay.png,public/examples/ts/bar-animation-delay.ts,bar,series.data,,,2+（类目/时间 + value；多系列可更多）,,,类目/时间 + 数值，或多维 dataset,medium（基于官方示例源码静态解析 + 分类规则）
bar-drilldown,bar,Bar Chart Drilldown Animation,柱状图下钻动画,bar-drilldown.png,public/examples/ts/bar-drilldown.ts,bar,series.data,,,2,2,2,类目/时间 + 数值，或多维 dataset,medium（基于官方示例源码静态解析 + 分类规则）
bar-large,bar,Large Scale Bar Chart,大数据量柱图,bar-large.png,public/examples/ts/bar-large.ts,bar,series.data,,,2+（类目/时间 + value；多系列可更多）,,,类目/时间 + 数值，或多维 dataset,medium（基于官方示例源码静态解析 + 分类规则）
bar-race,bar,Bar Race,动态排序柱状图,bar-race.png,public/examples/ts/bar-race.ts,bar,series.data,,,2+（类目/时间 + value；多系列可更多）,,,类目/时间 + 数值，或多维 dataset,medium（基于官方示例源码静态解析 + 分类规则）
dataset-link,dataset;line;pie,Share Dataset,联动和共享数据集,dataset-link.png,public/examples/ts/dataset-link.ts,line;pie,dataset+dataset.source,,5,7,7,3,"分类名 + 数值: name, value（2 字段）；类目/时间 + 数值，或多维 dataset",medium（基于官方示例源码静态解析 + 分类规则）
dataset-series-layout-by,dataset;bar,Series Layout By Column or Row,系列按行和按列排布,dataset-series-layout-by.png,public/examples/ts/dataset-series-layout-by.ts,bar,dataset+dataset.source,,4,5,5,,类目/时间 + 数值，或多维 dataset,medium（基于官方示例源码静态解析 + 分类规则）
dataset-simple0,dataset;bar,Simple Example of Dataset,最简单的数据集（dataset）,dataset-simple0.png,public/examples/ts/dataset-simple0.ts,bar,dataset+dataset.source,,5,4,4,,类目/时间 + 数值，或多维 dataset,medium（基于官方示例源码静态解析 + 分类规则）
dataset-simple1,dataset;bar,Dataset in Object Array,对象数组的输入格式,dataset-simple1.png,public/examples/ts/dataset-simple1.ts,bar,dataset+dataset.source,4,4,4,,,类目/时间 + 数值，或多维 dataset,medium（基于官方示例源码静态解析 + 分类规则）
dynamic-data2,line,Dynamic Data + Time Axis,动态数据 + 时间坐标轴,dynamic-data2.png,public/examples/ts/dynamic-data2.ts,line,series.data,,,3,3,2,类目/时间 + 数值，或多维 dataset,medium（基于官方示例源码静态解析 + 分类规则）
gauge-ring,gauge,Ring Gauge,得分环,gauge-ring.png,public/examples/ts/gauge-ring.ts,gauge,series.data,,,,,,见示例 option；字段由 series/dataset encode 决定,medium（基于官方示例源码静态解析 + 分类规则）
geo-choropleth-scatter,map;scatter,Geo Choropleth and Scatter,地理坐标系上的等值区划图和散点图,geo-choropleth-scatter.png,public/examples/ts/geo-choropleth-scatter.ts,map;scatter,series.data+external file/api+map/geoJSON,,,3,3,2,"地图区域名 + 数值: name, value；另需 map/geoJSON；点坐标: x, y（可附加 value/size 等）",medium（基于官方示例源码静态解析 + 分类规则）
graph-circular-layout,graph,Les Miserables,悲惨世界人物关系图(环形布局),graph-circular-layout.png,public/examples/ts/graph-circular-layout.ts,graph,series.data+external file/api+nodes+links,,,nodes/links（节点和边对象字段不固定）,,,nodes + links/categories；节点常含 name/value/symbolSize,medium（基于官方示例源码静态解析 + 分类规则）
graphic-stroke-animation,graphic,Stroke Animation,关键帧描边动画,graphic-stroke-animation.png,public/examples/ts/graphic-stroke-animation.ts,,unknown/static option,,,,,,见示例 option；字段由 series/dataset encode 决定,medium（基于官方示例源码静态解析 + 分类规则）
line-function,line,Function Plot,函数绘图,line-function.png,public/examples/ts/line-function.ts,line,series.data,,,2+（类目/时间 + value；多系列可更多）,,,类目/时间 + 数值，或多维 dataset,medium（基于官方示例源码静态解析 + 分类规则）
line-race,line,Line Race,动态排序折线图,line-race.png,public/examples/ts/line-race.ts,line,dataset+dataset.source+external file/api,,,2+（类目/时间 + value；多系列可更多）,,,类目/时间 + 数值，或多维 dataset,medium（基于官方示例源码静态解析 + 分类规则）
map-iceland-pie,map;pie,Pie Charts on GEO Map,在地图上显示饼图,map-iceland-pie.png,public/examples/ts/map-iceland-pie.ts,pie,external file/api+map/geoJSON,,,2,,2,"分类名 + 数值: name, value（2 字段）；地图区域名 + 数值: name, value；另需 map/geoJSON",medium（基于官方示例源码静态解析 + 分类规则）
matrix-sparkline,matrix;line,Mini Line Charts (Sparkline) in Matrix,矩阵中的微型折线图,matrix-sparkline.png,public/examples/ts/matrix-sparkline.ts,,unknown/static option,,,2+（类目/时间 + value；多系列可更多）,,,类目/时间 + 数值，或多维 dataset,low（官方示例源码未在 public/examples/ts 中找到；按分类规则推断）
pie-nest,pie;rich,Nested Pies,嵌套环形图,pie-nest.png,public/examples/ts/pie-nest.ts,pie,series.data,,,3,,3,"分类名 + 数值: name, value（2 字段）",medium（基于官方示例源码静态解析 + 分类规则）
scatter-large,scatter,Large Scatter,大规模散点图,scatter-large.png,public/examples/ts/scatter-large.ts,scatter,series.data,2,,2,,,"点坐标: x, y（可附加 value/size 等）",medium（基于官方示例源码静态解析 + 分类规则）
scatter-nebula,scatter,Scatter Nebula,大规模星云散点图,scatter-nebula.png,public/examples/ts/scatter-nebula.ts,scatter,series.data+external file/api,2,,2,,,"点坐标: x, y（可附加 value/size 等）",medium（基于官方示例源码静态解析 + 分类规则）
scatter-stream-visual,scatter,Visual interaction with stream,流式渲染和视觉映射操作,scatter-stream-visual.png,public/examples/ts/scatter-stream-visual.ts,scatter,series.data+external file/api,,,2+（坐标/值，可附加维度）,,,"点坐标: x, y（可附加 value/size 等）",medium（基于官方示例源码静态解析 + 分类规则）
sunburst-drink,sunburst,Drink Flavors,饮品风味分类,sunburst-drink.png,public/examples/ts/sunburst-drink.ts,sunburst,series.data,,,"层级对象（name,value,children）",,,层级树: name/value/children,medium（基于官方示例源码静态解析 + 分类规则）
wind-barb,custom;dataZoom,Wind Barb,风向图,wind-barb.png,public/examples/ts/wind-barb.ts,custom;line,series.data+external file/api,,,2+（类目/时间 + value；多系列可更多）,,,类目/时间 + 数值，或多维 dataset；自定义 series；字段由 renderItem/encode 决定,medium（基于官方示例源码静态解析 + 分类规则）
bar-multi-drilldown,bar,Bar Chart Multi-level Drilldown Animation,柱状图多层下钻动画,bar-multi-drilldown.png,public/examples/ts/bar-multi-drilldown.ts,bar,unknown/static option,4,,4,4,3,类目/时间 + 数值，或多维 dataset,medium（基于官方示例源码静态解析 + 分类规则）
bar-race-country,bar,Bar Race,动态排序柱状图 - 人均收入,bar-race-country.png,public/examples/ts/bar-race-country.ts,bar,dataset+dataset.source+external file/api,,,2+（类目/时间 + value；多系列可更多）,,,类目/时间 + 数值，或多维 dataset,medium（基于官方示例源码静态解析 + 分类规则）
bar-rich-text,bar;rich,Weather Statistics,天气统计（富文本）,bar-rich-text.png,public/examples/ts/bar-rich-text.ts,bar,series.data+external file/api,,,2+（类目/时间 + value；多系列可更多）,,,类目/时间 + 数值，或多维 dataset,medium（基于官方示例源码静态解析 + 分类规则）
bubble-gradient,scatter,Bubble Chart,气泡图,bubble-gradient.png,public/examples/ts/bubble-gradient.ts,scatter,series.data,,,5,5,,"点坐标: x, y（可附加 value/size 等）",medium（基于官方示例源码静态解析 + 分类规则）
calendar-pie,calendar;pie,Calendar Pie,日历饼图,calendar-pie.png,public/examples/ts/calendar-pie.ts,pie;scatter,series.data,,,2,,2,"分类名 + 数值: name, value（2 字段）；点坐标: x, y（可附加 value/size 等）；日期 + 数值: date, value",medium（基于官方示例源码静态解析 + 分类规则）
custom-hexbin,custom;map,Hexagonal Binning,六边形分箱图（自定义系列）,custom-hexbin.png,public/examples/ts/custom-hexbin.ts,,unknown/static option,,,"2+（name,value；另需地图数据）",,,"地图区域名 + 数值: name, value；另需 map/geoJSON；自定义 series；字段由 renderItem/encode 决定",low（官方示例源码未在 public/examples/ts 中找到；按分类规则推断）
dynamic-data,bar,Dynamic Data,动态数据,dynamic-data.png,public/examples/ts/dynamic-data.ts,bar;line,series.data,,,2+（类目/时间 + value；多系列可更多）,,,类目/时间 + 数值，或多维 dataset,medium（基于官方示例源码静态解析 + 分类规则）
gauge-barometer,gauge,Gauge Barometer chart,气压表,gauge-barometer.png,public/examples/ts/gauge-barometer.ts,gauge,series.data,,,2,2,2,见示例 option；字段由 series/dataset encode 决定,medium（基于官方示例源码静态解析 + 分类规则）
graph-force-dynamic,graph,Graph Dynamic,动态增加图节点,graph-force-dynamic.png,public/examples/ts/graph-force-dynamic.ts,graph,dataset.source+series.data,,,nodes/links（节点和边对象字段不固定）,,,nodes + links/categories；节点常含 name/value/symbolSize,medium（基于官方示例源码静态解析 + 分类规则）
graphic-loading,graphic,Customized Loading Animation,加载动画,graphic-loading.png,public/examples/ts/graphic-loading.ts,,unknown/static option,,,,,,见示例 option；字段由 series/dataset encode 决定,medium（基于官方示例源码静态解析 + 分类规则）
line-markline,line,Line with Marklines,折线图的标记线,line-markline.png,public/examples/ts/line-markline.ts,line,series.data,,,2+（类目/时间 + value；多系列可更多）,,,类目/时间 + 数值，或多维 dataset,medium（基于官方示例源码静态解析 + 分类规则）
line-style,line,Line Style and Item Style,自定义折线图样式,line-style.png,public/examples/ts/line-style.ts,line,series.data,,,2+（类目/时间 + value；多系列可更多）,,,类目/时间 + 数值，或多维 dataset,medium（基于官方示例源码静态解析 + 分类规则）
matrix-mini-bar-geo,matrix;bar;geo,Mini Bars and Geo in Matrix,矩阵坐标系下的微型条形图和地图,matrix-mini-bar-geo.png,public/examples/ts/matrix-mini-bar-geo.ts,bar,series.data+external file/api+map/geoJSON,,,3,3,3,类目/时间 + 数值，或多维 dataset,medium（基于官方示例源码静态解析 + 分类规则）
mix-timeline-finance,bar,Finance Indices 2002,2002全国宏观经济指标,mix-timeline-finance.png,public/examples/ts/mix-timeline-finance.ts,,unknown/static option,,,2+（类目/时间 + value；多系列可更多）,,,类目/时间 + 数值，或多维 dataset,low（官方示例源码未在 public/examples/ts 中找到；按分类规则推断）
sunburst-book,sunburst,Book Records,书籍分布,sunburst-book.png,public/examples/ts/sunburst-book.ts,,unknown/static option,,,"层级对象（name,value,children）",,,层级树: name/value/children,low（官方示例源码未在 public/examples/ts 中找到；按分类规则推断）
watermark,bar,Watermark - ECharts Download,水印 - ECharts 下载统计,watermark.png,public/examples/ts/watermark.ts,bar;pie,series.data,,,2,,2,"分类名 + 数值: name, value（2 字段）；类目/时间 + 数值，或多维 dataset",medium（基于官方示例源码静态解析 + 分类规则）
bar-polar-real-estate,bar,Bar Chart on Polar,极坐标系下的柱状图,bar-polar-real-estate.png,public/examples/ts/bar-polar-real-estate.ts,bar,series.data,,,3,3,,类目/时间 + 数值，或多维 dataset,medium（基于官方示例源码静态解析 + 分类规则）
bar-polar-stack,bar,Stacked Bar Chart on Polar,极坐标系下的堆叠柱状图,bar-polar-stack.png,public/examples/ts/bar-polar-stack.ts,bar,series.data,,,2+（类目/时间 + value；多系列可更多）,,,类目/时间 + 数值，或多维 dataset,medium（基于官方示例源码静态解析 + 分类规则）
bar-polar-stack-radial,bar,Stacked Bar Chart on Polar(Radial),极坐标系下的堆叠柱状图,bar-polar-stack-radial.png,public/examples/ts/bar-polar-stack-radial.ts,bar,series.data,,,2+（类目/时间 + value；多系列可更多）,,,类目/时间 + 数值，或多维 dataset,medium（基于官方示例源码静态解析 + 分类规则）
custom-calendar-icon,custom;calendar,Custom Calendar Icon,日历图自定义图标,custom-calendar-icon.png,public/examples/ts/custom-calendar-icon.ts,custom,series.data,2,,2,2,,"日期 + 数值: date, value；自定义 series；字段由 renderItem/encode 决定",medium（基于官方示例源码静态解析 + 分类规则）
custom-wind,custom,Use custom series to draw wind vectors,使用自定义系列绘制风场,custom-wind.png,public/examples/ts/custom-wind.ts,custom;line,series.data+external file/api,,,2+（类目/时间 + value；多系列可更多）,,,类目/时间 + 数值，或多维 dataset；自定义 series；字段由 renderItem/encode 决定,medium（基于官方示例源码静态解析 + 分类规则）
gauge-clock,gauge,Clock,时钟仪表盘,gauge-clock.png,public/examples/ts/gauge-clock.ts,gauge,series.data,,,2,2,1,见示例 option；字段由 series/dataset encode 决定,medium（基于官方示例源码静态解析 + 分类规则）
graph-life-expectancy,graph,Graph Life Expectancy,预期寿命,graph-life-expectancy.png,public/examples/ts/graph-life-expectancy.ts,graph,dataset.source+series.data+external file/api+nodes+links,,,nodes/links（节点和边对象字段不固定）,,,nodes + links/categories；节点常含 name/value/symbolSize,medium（基于官方示例源码静态解析 + 分类规则）
line-in-cartesian-coordinate-system,line,Line Chart in Cartesian Coordinate System,双数值轴折线图,line-in-cartesian-coordinate-system.png,public/examples/ts/line-in-cartesian-coordinate-system.ts,line,series.data,,,2,2,,类目/时间 + 数值，或多维 dataset,medium（基于官方示例源码静态解析 + 分类规则）
line-log,line,Log Axis,对数轴示例,line-log.png,public/examples/ts/line-log.ts,line,series.data,,,2+（类目/时间 + value；多系列可更多）,,,类目/时间 + 数值，或多维 dataset,medium（基于官方示例源码静态解析 + 分类规则）
line-step,line,Step Line,阶梯折线图,line-step.png,public/examples/ts/line-step.ts,line,series.data,,,2+（类目/时间 + value；多系列可更多）,,,类目/时间 + 数值，或多维 dataset,medium（基于官方示例源码静态解析 + 分类规则）
polar-roundCap,bar,Rounded Bar on Polar,圆角环形图,polar-roundCap.png,public/examples/ts/polar-roundCap.ts,bar,series.data,,,2+（类目/时间 + value；多系列可更多）,,,类目/时间 + 数值，或多维 dataset,medium（基于官方示例源码静态解析 + 分类规则）
scatter-aqi-color,scatter,Scatter Aqi Color,AQI 气泡图,scatter-aqi-color.png,public/examples/ts/scatter-aqi-color.ts,scatter,series.data,,,8,8,,"点坐标: x, y（可附加 value/size 等）",medium（基于官方示例源码静态解析 + 分类规则）
scatter-nutrients,scatter,Scatter Nutrients,营养分布散点图,scatter-nutrients.png,public/examples/ts/scatter-nutrients.ts,scatter,series.data+external file/api,,,2+（坐标/值，可附加维度）,,,"点坐标: x, y（可附加 value/size 等）",medium（基于官方示例源码静态解析 + 分类规则）
scatter-nutrients-matrix,scatter,Scatter Nutrients Matrix,营养分布散点矩阵,scatter-nutrients-matrix.png,public/examples/ts/scatter-nutrients-matrix.ts,scatter,series.data+external file/api,,,2,2,,"点坐标: x, y（可附加 value/size 等）",medium（基于官方示例源码静态解析 + 分类规则）
bar-breaks-brush,bar,Bar Chart with Axis Breaks (Brush-enabled),断轴上的柱状图（可刷选）,bar-breaks-brush.png,public/examples/ts/bar-breaks-brush.ts,bar,series.data,,,2+（类目/时间 + value；多系列可更多）,,,类目/时间 + 数值，或多维 dataset,medium（基于官方示例源码静态解析 + 分类规则）
gauge-car,gauge,Gauge Car,汽车仪表盘,gauge-car.png,public/examples/ts/gauge-car.ts,gauge,series.data,,,2,2,2,见示例 option；字段由 series/dataset encode 决定,medium（基于官方示例源码静态解析 + 分类规则）
graph-webkit-dep,graph,Graph Webkit Dep,WebKit 模块关系依赖图,graph-webkit-dep.png,public/examples/ts/graph-webkit-dep.ts,graph,series.data+external file/api,,,nodes/links（节点和边对象字段不固定）,,,nodes + links/categories；节点常含 name/value/symbolSize,medium（基于官方示例源码静态解析 + 分类规则）
line-easing,line,Line Easing Visualizing,缓动函数可视化,line-easing.png,public/examples/ts/line-easing.ts,line,series.data,,,2+（类目/时间 + value；多系列可更多）,,,类目/时间 + 数值，或多维 dataset,medium（基于官方示例源码静态解析 + 分类规则）
line-fisheye-lens,line,Fisheye Lens on Line Chart,折线图鱼眼放大,line-fisheye-lens.png,public/examples/ts/line-fisheye-lens.ts,line,series.data,,,2+（类目/时间 + value；多系列可更多）,,,类目/时间 + 数值，或多维 dataset,medium（基于官方示例源码静态解析 + 分类规则）
line-y-category,line,Line Y Category,垂直折线图（Y轴为类目轴）,line-y-category.png,public/examples/ts/line-y-category.ts,line,series.data,,,2+（类目/时间 + value；多系列可更多）,,,类目/时间 + 数值，或多维 dataset,medium（基于官方示例源码静态解析 + 分类规则）
scatter-polar-punchCard,scatter,Punch Card of Github,GitHub 打卡气泡图（极坐标）,scatter-polar-punchCard.png,public/examples/ts/scatter-polar-punchCard.ts,scatter,series.data,,,3,3,,"点坐标: x, y（可附加 value/size 等）",medium（基于官方示例源码静态解析 + 分类规则）
custom-gauge,custom,Custom Gauge,自定义仪表,custom-gauge.png,public/examples/ts/custom-gauge.ts,,unknown/static option,,,自定义（由 encode/renderItem 决定）,,,自定义 series；字段由 renderItem/encode 决定,low（官方示例源码未在 public/examples/ts 中找到；按分类规则推断）
graph-npm,graph,NPM Dependencies,NPM 依赖关系图,graph-npm.png,public/examples/ts/graph-npm.ts,graph,dataset.source+series.data+external file/api,,,nodes/links（节点和边对象字段不固定）,,,nodes + links/categories；节点常含 name/value/symbolSize,medium（基于官方示例源码静态解析 + 分类规则）
line-graphic,line;graphic,Custom Graphic Component,自定义图形组件,line-graphic.png,public/examples/ts/line-graphic.ts,line,series.data,,,2+（类目/时间 + value；多系列可更多）,,,类目/时间 + 数值，或多维 dataset,medium（基于官方示例源码静态解析 + 分类规则）
line-pen,line,Click to Add Points,点击添加折线图拐点,line-pen.png,public/examples/ts/line-pen.ts,line,series.data,,,2,2,,类目/时间 + 数值，或多维 dataset,medium（基于官方示例源码静态解析 + 分类规则）
scatter-life-expectancy-timeline,scatter,Life Expectancy and GDP,各国人均寿命与GDP关系演变,scatter-life-expectancy-timeline.png,public/examples/ts/scatter-life-expectancy-timeline.ts,,unknown/static option,,,2+（坐标/值，可附加维度）,,,"点坐标: x, y（可附加 value/size 等）",low（官方示例源码未在 public/examples/ts 中找到；按分类规则推断）
scatter-painter-choice,scatter,Master Painter Color Choices Throughout History,历代绘画大师的色彩运用,scatter-painter-choice.png,public/examples/ts/scatter-painter-choice.ts,scatter,series.data+external file/api,,,2+（坐标/值，可附加维度）,,,"点坐标: x, y（可附加 value/size 等）",medium（基于官方示例源码静态解析 + 分类规则）
boxplot-light-velocity,boxplot,Boxplot Light Velocity,基础盒须图,boxplot-light-velocity.png,public/examples/ts/boxplot-light-velocity.ts,boxplot;scatter,dataset+dataset.source,,5,20,20,,"boxplot 五数概括: min, Q1, median, Q3, max（5 个数值字段）；点坐标: x, y（可附加 value/size 等）",medium（基于官方示例源码静态解析 + 分类规则）
boxplot-light-velocity2,boxplot,Boxplot Light Velocity2,垂直方向盒须图,boxplot-light-velocity2.png,public/examples/ts/boxplot-light-velocity2.ts,boxplot;scatter,dataset+dataset.source,,5,20,20,,"boxplot 五数概括: min, Q1, median, Q3, max（5 个数值字段）；点坐标: x, y（可附加 value/size 等）",medium（基于官方示例源码静态解析 + 分类规则）
boxplot-multi,boxplot,Multiple Categories,多系列盒须图,boxplot-multi.png,public/examples/ts/boxplot-multi.ts,boxplot,dataset+dataset.source,,,6+（类目 + min/Q1/median/Q3/max）,,,"boxplot 五数概括: min, Q1, median, Q3, max（5 个数值字段）",medium（基于官方示例源码静态解析 + 分类规则）
calendar-effectscatter,,,,calendar-effectscatter.png,public/examples/ts/calendar-effectscatter.ts,effectScatter;scatter,series.data,,,2+（坐标/值，可附加维度）,,,"点坐标: x, y（可附加 value/size 等）",medium（基于官方示例源码静态解析 + 分类规则）
candlestick-brush,candlestick,Candlestick Brush,K 线图刷选,candlestick-brush.png,public/examples/ts/candlestick-brush.ts,bar;candlestick;line,series.data+external file/api,,,2,2,2,"OHLC: open, close, low, high（常见 4 个数值字段，可附加日期/名称）；类目/时间 + 数值，或多维 dataset",medium（基于官方示例源码静态解析 + 分类规则）
candlestick-sh-2015,candlestick,"ShangHai Index, 2015",2015 年上证指数,candlestick-sh-2015.png,public/examples/ts/candlestick-sh-2015.ts,candlestick;line,series.data,,,10,10,,"OHLC: open, close, low, high（常见 4 个数值字段，可附加日期/名称）；类目/时间 + 数值，或多维 dataset",medium（基于官方示例源码静态解析 + 分类规则）
chord-style,chord,Chord Style,和弦图样式,chord-style.png,public/examples/ts/chord-style.ts,chord,dataset.source+series.data+nodes+links,,,3,,3,见示例 option；字段由 series/dataset encode 决定,medium（基于官方示例源码静态解析 + 分类规则）
effectScatter-bmap,scatter;map,Air Quality - Baidu Map,全国主要城市空气质量 - 百度地图,effectScatter-bmap.png,public/examples/ts/effectScatter-bmap.ts,effectScatter;scatter,series.data,,,2,,2,"地图区域名 + 数值: name, value；另需 map/geoJSON；点坐标: x, y（可附加 value/size 等）",medium（基于官方示例源码静态解析 + 分类规则）
funnel,funnel,Funnel Chart,漏斗图,funnel.png,public/examples/ts/funnel.ts,funnel,series.data,,,2,,2,"分类名 + 数值: name, value（2 字段）",medium（基于官方示例源码静态解析 + 分类规则）
funnel-align,funnel,Funnel Compare,漏斗图(对比),funnel-align.png,public/examples/ts/funnel-align.ts,funnel,series.data,,,2,,2,"分类名 + 数值: name, value（2 字段）",medium（基于官方示例源码静态解析 + 分类规则）
funnel-customize,funnel,Customized Funnel,漏斗图,funnel-customize.png,public/examples/ts/funnel-customize.ts,funnel,series.data,,,2,,2,"分类名 + 数值: name, value（2 字段）",medium（基于官方示例源码静态解析 + 分类规则）
funnel-mutiple,funnel,Multiple Funnels,多漏斗图,funnel-mutiple.png,public/examples/ts/funnel-mutiple.ts,funnel,series.data,,,2,,2,"分类名 + 数值: name, value（2 字段）",medium（基于官方示例源码静态解析 + 分类规则）
geo-beef-cuts,map,GEO Beef Cuts,庖丁解牛,geo-beef-cuts.png,public/examples/ts/geo-beef-cuts.ts,map,series.data+external file/api+map/geoJSON,,,2,,2,"地图区域名 + 数值: name, value；另需 map/geoJSON",medium（基于官方示例源码静态解析 + 分类规则）
geo-organ,map,Organ Data with SVG,内脏数据（SVG）,geo-organ.png,public/examples/ts/geo-organ.ts,,unknown/static option,,,"2+（name,value；另需地图数据）",,,"地图区域名 + 数值: name, value；另需 map/geoJSON",low（官方示例源码未在 public/examples/ts 中找到；按分类规则推断）
geo-seatmap-flight,map,Flight Seatmap with SVG,航班选座（SVG）,geo-seatmap-flight.png,public/examples/ts/geo-seatmap-flight.ts,,external file/api+map/geoJSON,,,"2+（name,value；另需地图数据）",,,"地图区域名 + 数值: name, value；另需 map/geoJSON",medium（基于官方示例源码静态解析 + 分类规则）
geo-svg-custom-effect,custom,GEO SVG with Customized Effect,自定义特效,geo-svg-custom-effect.png,public/examples/ts/geo-svg-custom-effect.ts,custom,series.data+external file/api+map/geoJSON,,,3,3,,自定义 series；字段由 renderItem/encode 决定,medium（基于官方示例源码静态解析 + 分类规则）
geo-svg-lines,map,GEO SVG Lines,GEO 路径图（SVG）,geo-svg-lines.png,public/examples/ts/geo-svg-lines.ts,lines,series.data+external file/api+map/geoJSON,,,2,2,,"地图区域名 + 数值: name, value；另需 map/geoJSON；线段坐标: coords [[lng,lat],[lng,lat]] 或 from/to",medium（基于官方示例源码静态解析 + 分类规则）
geo-svg-map,map,GEO SVG Map,地图（SVG）,geo-svg-map.png,public/examples/ts/geo-svg-map.ts,scatter,series.data+external file/api+map/geoJSON,,,3,3,,"地图区域名 + 数值: name, value；另需 map/geoJSON；点坐标: x, y（可附加 value/size 等）",medium（基于官方示例源码静态解析 + 分类规则）
geo-svg-scatter-simple,map,GEO SVG Scatter,散点图（SVG）,geo-svg-scatter-simple.png,public/examples/ts/geo-svg-scatter-simple.ts,effectScatter,series.data+external file/api+map/geoJSON,,,3,3,,"地图区域名 + 数值: name, value；另需 map/geoJSON；点坐标: x, y（可附加 value/size 等）",medium（基于官方示例源码静态解析 + 分类规则）
geo-svg-traffic,map,GEO SVG Traffic,交通（SVG）,geo-svg-traffic.png,public/examples/ts/geo-svg-traffic.ts,lines,series.data+external file/api+map/geoJSON,,,2,2,,"地图区域名 + 数值: name, value；另需 map/geoJSON；线段坐标: coords [[lng,lat],[lng,lat]] 或 from/to",medium（基于官方示例源码静态解析 + 分类规则）
graphic-wave-animation,graphic,Wave Animation,波浪动画,graphic-wave-animation.png,public/examples/ts/graphic-wave-animation.ts,,unknown/static option,,,,,,见示例 option；字段由 series/dataset encode 决定,low（官方示例源码未在 public/examples/ts 中找到；按分类规则推断）
line-polar,line,Two Value-Axes in Polar,极坐标双数值轴,line-polar.png,public/examples/ts/line-polar.ts,line,series.data,,,2+（类目/时间 + value；多系列可更多）,,,类目/时间 + 数值，或多维 dataset,medium（基于官方示例源码静态解析 + 分类规则）
line-polar2,line,Two Value-Axes in Polar,极坐标双数值轴,line-polar2.png,public/examples/ts/line-polar2.ts,line,series.data,,,2+（类目/时间 + value；多系列可更多）,,,类目/时间 + 数值，或多维 dataset,medium（基于官方示例源码静态解析 + 分类规则）
line-tooltip-touch,line;dataZoom,Tooltip and DataZoom on Mobile,移动端上的 dataZoom 和 tooltip,line-tooltip-touch.png,public/examples/ts/line-tooltip-touch.ts,line,series.data,,,2+（类目/时间 + value；多系列可更多）,,,类目/时间 + 数值，或多维 dataset,medium（基于官方示例源码静态解析 + 分类规则）
lines-airline,map;lines,65k+ Airline,65k+ 飞机航线,lines-airline.png,public/examples/ts/lines-airline.ts,lines,series.data+external file/api,,,2+（坐标/值，可附加维度）,,,"地图区域名 + 数值: name, value；另需 map/geoJSON；线段坐标: coords [[lng,lat],[lng,lat]] 或 from/to",medium（基于官方示例源码静态解析 + 分类规则）
lines-ny,map;lines,Use lines to draw 1 million New York streets,使用线图绘制近100万纽约街道数据,lines-ny.png,public/examples/ts/lines-ny.ts,lines,series.data+external file/api,1,,1,,,"地图区域名 + 数值: name, value；另需 map/geoJSON；线段坐标: coords [[lng,lat],[lng,lat]] 或 from/to",medium（基于官方示例源码静态解析 + 分类规则）
map-bar-morph,map;animation,Morphing between Map and Bar,地图柱状图变形动画,map-bar-morph.png,public/examples/ts/map-bar-morph.ts,bar;map,series.data+external file/api+map/geoJSON,,,2,,2,"地图区域名 + 数值: name, value；另需 map/geoJSON；类目/时间 + 数值，或多维 dataset",medium（基于官方示例源码静态解析 + 分类规则）
map-HK,map,Population Density of HongKong (2011),香港18区人口密度 （2011）,map-HK.png,public/examples/ts/map-HK.ts,map,series.data+external file/api+map/geoJSON,,,2,,2,"地图区域名 + 数值: name, value；另需 map/geoJSON",medium（基于官方示例源码静态解析 + 分类规则）
map-usa,map,USA Population Estimates (2012),2012 年美国人口统计,map-usa.png,public/examples/ts/map-usa.ts,map,series.data+external file/api+map/geoJSON,,,2,,2,"地图区域名 + 数值: name, value；另需 map/geoJSON",medium（基于官方示例源码静态解析 + 分类规则）
map-usa-projection,map,USA Choropleth Map with Projection,自定义地图投影,map-usa-projection.png,public/examples/ts/map-usa-projection.ts,map,series.data+external file/api+map/geoJSON,,,2,,2,"地图区域名 + 数值: name, value；另需 map/geoJSON",medium（基于官方示例源码静态解析 + 分类规则）
matrix-periodic-table,matrix,Periodic Table,元素周期表,matrix-periodic-table.png,public/examples/ts/matrix-periodic-table.ts,custom,series.data,,,5,5,,自定义 series；字段由 renderItem/encode 决定,medium（基于官方示例源码静态解析 + 分类规则）
pictorialBar-body-fill,pictorialBar,Water Content,人体含水量,pictorialBar-body-fill.png,public/examples/ts/pictorialBar-body-fill.ts,pictorialBar,series.data,,,2,,2,类目/时间 + 数值，或多维 dataset,medium（基于官方示例源码静态解析 + 分类规则）
pictorialBar-dotted,pictorialBar,Dotted bar,虚线柱状图效果,pictorialBar-dotted.png,public/examples/ts/pictorialBar-dotted.ts,bar;line;pictorialBar,series.data,,,2+（类目/时间 + value；多系列可更多）,,,类目/时间 + 数值，或多维 dataset,medium（基于官方示例源码静态解析 + 分类规则）
pictorialBar-forest,pictorialBar,Expansion of forest,森林的增长,pictorialBar-forest.png,public/examples/ts/pictorialBar-forest.ts,pictorialBar,series.data,,,2,,2,类目/时间 + 数值，或多维 dataset,medium（基于官方示例源码静态解析 + 分类规则）
pictorialBar-hill,pictorialBar,Wish List and Mountain Height,圣诞愿望清单和山峰高度,pictorialBar-hill.png,public/examples/ts/pictorialBar-hill.ts,pictorialBar,series.data,,,6,,6,类目/时间 + 数值，或多维 dataset,medium（基于官方示例源码静态解析 + 分类规则）
pictorialBar-spirit,pictorialBar,Spirits,精灵,pictorialBar-spirit.png,public/examples/ts/pictorialBar-spirit.ts,pictorialBar,series.data,,,2+（类目/时间 + value；多系列可更多）,,,类目/时间 + 数值，或多维 dataset,medium（基于官方示例源码静态解析 + 分类规则）
pictorialBar-vehicle,pictorialBar,Vehicles,交通工具,pictorialBar-vehicle.png,public/examples/ts/pictorialBar-vehicle.ts,pictorialBar,series.data,,,2,,2,类目/时间 + 数值，或多维 dataset,medium（基于官方示例源码静态解析 + 分类规则）
pictorialBar-velocity,pictorialBar,Velocity of Christmas Reindeers,驯鹿的速度,pictorialBar-velocity.png,public/examples/ts/pictorialBar-velocity.ts,pictorialBar,series.data,,,3,,3,类目/时间 + 数值，或多维 dataset,medium（基于官方示例源码静态解析 + 分类规则）
pie-parliament-transition,custom;animtion,Transition of Parliament and Pie Chart,自定义议会图与饼图过渡动画,pie-parliament-transition.png,public/examples/ts/pie-parliament-transition.ts,custom;pie,series.data,,,2,,2,"分类名 + 数值: name, value（2 字段）；自定义 series；字段由 renderItem/encode 决定",medium（基于官方示例源码静态解析 + 分类规则）
radar-multiple,radar,Multiple Radar,多雷达图,radar-multiple.png,public/examples/ts/radar-multiple.ts,radar,series.data,,,2,,2,雷达多指标数组；字段数通常等于 indicator 数,medium（基于官方示例源码静态解析 + 分类规则）
scatter-matrix,parallel;scatter,Scatter Matrix,散点矩阵和平行坐标,scatter-matrix.png,public/examples/ts/scatter-matrix.ts,parallel;scatter,series.data,,,8,8,,"点坐标: x, y（可附加 value/size 等）；平行坐标多维数组；字段数等于 parallelAxis 维度数",medium（基于官方示例源码静态解析 + 分类规则）
scatter-world-population,scatter,World Population (2011),World Population (2011),scatter-world-population.png,public/examples/ts/scatter-world-population.ts,,unknown/static option,,,2+（坐标/值，可附加维度）,,,"点坐标: x, y（可附加 value/size 等）",low（官方示例源码未在 public/examples/ts 中找到；按分类规则推断）
themeRiver-basic,themeRiver,ThemeRiver,主题河流图,themeRiver-basic.png,public/examples/ts/themeRiver-basic.ts,line;themeRiver,series.data,,,3,3,,类目/时间 + 数值，或多维 dataset,medium（基于官方示例源码静态解析 + 分类规则）
themeRiver-lastfm,themeRiver,ThemeRiver Lastfm,Lastfm 主题河流图,themeRiver-lastfm.png,public/examples/ts/themeRiver-lastfm.ts,themeRiver,series.data,,,20,20,,类目/时间 + 数值，或多维 dataset,medium（基于官方示例源码静态解析 + 分类规则）
tree-basic,tree,From Left to Right Tree,从左到右树状图,tree-basic.png,public/examples/ts/tree-basic.ts,tree,series.data+external file/api,,,"层级对象（name,value,children）",,,层级树: name/value/children,medium（基于官方示例源码静态解析 + 分类规则）
tree-legend,tree,Multiple Trees,多棵树,tree-legend.png,public/examples/ts/tree-legend.ts,tree,series.data,,,2,,2,层级树: name/value/children,medium（基于官方示例源码静态解析 + 分类规则）
tree-orient-bottom-top,tree,From Bottom to Top Tree,从下到上树状图,tree-orient-bottom-top.png,public/examples/ts/tree-orient-bottom-top.ts,tree,series.data+external file/api,,,"层级对象（name,value,children）",,,层级树: name/value/children,medium（基于官方示例源码静态解析 + 分类规则）
tree-orient-right-left,tree,From Right to Left Tree,从右到左树状图,tree-orient-right-left.png,public/examples/ts/tree-orient-right-left.ts,tree,series.data+external file/api,,,"层级对象（name,value,children）",,,层级树: name/value/children,medium（基于官方示例源码静态解析 + 分类规则）
tree-polyline,tree,Tree with Polyline Edge,折线树图,tree-polyline.png,public/examples/ts/tree-polyline.ts,tree,series.data,,,2,,2,层级树: name/value/children,medium（基于官方示例源码静态解析 + 分类规则）
tree-radial,tree,Radial Tree,径向树状图,tree-radial.png,public/examples/ts/tree-radial.ts,tree,series.data+external file/api,,,"层级对象（name,value,children）",,,层级树: name/value/children,medium（基于官方示例源码静态解析 + 分类规则）
tree-vertical,tree,From Top to Bottom Tree,从上到下树状图,tree-vertical.png,public/examples/ts/tree-vertical.ts,tree,series.data+external file/api,,,"层级对象（name,value,children）",,,层级树: name/value/children,medium（基于官方示例源码静态解析 + 分类规则）
treemap-disk,treemap,Disk Usage,磁盘占用,treemap-disk.png,public/examples/ts/treemap-disk.ts,treemap,series.data+external file/api,,,"层级对象（name,value,children）",,,层级树: name/value/children,medium（基于官方示例源码静态解析 + 分类规则）
treemap-drill-down,treemap,ECharts Option Query,ECharts 配置项查询分布,treemap-drill-down.png,public/examples/ts/treemap-drill-down.ts,treemap,dataset.source+series.data+external file/api,,,2,,2,层级树: name/value/children,medium（基于官方示例源码静态解析 + 分类规则）
treemap-obama,treemap,How $3.7 Trillion is Spent,3.7 万亿美元支出构成,treemap-obama.png,public/examples/ts/treemap-obama.ts,treemap,series.data+external file/api,,,3,,3,层级树: name/value/children,medium（基于官方示例源码静态解析 + 分类规则）
treemap-show-parent,treemap,Show Parent Labels,显示父层级标签,treemap-show-parent.png,public/examples/ts/treemap-show-parent.ts,treemap,series.data+external file/api,,,"层级对象（name,value,children）",,,层级树: name/value/children,medium（基于官方示例源码静态解析 + 分类规则）
treemap-simple,treemap,Basic Treemap,基础矩形树图,treemap-simple.png,public/examples/ts/treemap-simple.ts,treemap,series.data,,,2,,2,层级树: name/value/children,medium（基于官方示例源码静态解析 + 分类规则）
treemap-visual,treemap,Gradient Mapping,映射为渐变色,treemap-visual.png,public/examples/ts/treemap-visual.ts,treemap,series.data+external file/api,,,3,,3,层级树: name/value/children,medium（基于官方示例源码静态解析 + 分类规则）
calendar-charts,calendar;scatter,Calendar Charts,日历图,calendar-charts.png,public/examples/ts/calendar-charts.ts,effectScatter;graph;heatmap;scatter,dataset.source+series.data+nodes+links,,,2,2,,"nodes + links/categories；节点常含 name/value/symbolSize；三元组: x, y, value（3 字段）；点坐标: x, y（可附加 value/size 等）；日期 + 数值: date, value",medium（基于官方示例源码静态解析 + 分类规则）
circle-packing-with-d3,custom,Circle Packing with d3,基于 d3 的圆形包络图,circle-packing-with-d3.png,public/examples/ts/circle-packing-with-d3.ts,,unknown/static option,,,自定义（由 encode/renderItem 决定）,,,自定义 series；字段由 renderItem/encode 决定,low（官方示例源码未在 public/examples/ts 中找到；按分类规则推断）
custom-spiral-race,custom,Custom Spiral Race,自定义螺旋线竞速,custom-spiral-race.png,public/examples/ts/custom-spiral-race.ts,,unknown/static option,,,自定义（由 encode/renderItem 决定）,,,自定义 series；字段由 renderItem/encode 决定,low（官方示例源码未在 public/examples/ts 中找到；按分类规则推断）
matrix-mbti,matrix,MBTI Partner Compatibility,MBTI 伴侣相容性,matrix-mbti.png,public/examples/ts/matrix-mbti.ts,heatmap;scatter,series.data+map/geoJSON,,,3,3,3,"三元组: x, y, value（3 字段）；点坐标: x, y（可附加 value/size 等）",medium（基于官方示例源码静态解析 + 分类规则）
line-draggable,line;graphic,Draggable Points,可拖拽点,line-draggable.png,public/examples/ts/line-draggable.ts,line,series.data,,,2,2,,类目/时间 + 数值，或多维 dataset,medium（基于官方示例源码静态解析 + 分类规则）
scatter-logarithmic-regression,scatter,Logarithmic Regression,对数回归（使用统计插件）,scatter-logarithmic-regression.png,public/examples/ts/scatter-logarithmic-regression.ts,line;scatter,dataset+dataset.source+series.data,,38,5,5,,"点坐标: x, y（可附加 value/size 等）；类目/时间 + 数值，或多维 dataset",medium（基于官方示例源码静态解析 + 分类规则）
effectScatter-map,scatter,Air Quality,全国主要城市空气质量,,public/examples/ts/effectScatter-map.ts,effectScatter;scatter,series.data,,,2,,2,"点坐标: x, y（可附加 value/size 等）",medium（基于官方示例源码静态解析 + 分类规则）
heatmap-bmap,heatmap,Heatmap on Baidu Map Extension,热力图与百度地图扩展,heatmap-bmap.png,public/examples/ts/heatmap-bmap.ts,,unknown/static option,,,"3（x,y,value）",,,"三元组: x, y, value（3 字段）",low（官方示例源码未在 public/examples/ts 中找到；按分类规则推断）
heatmap-map,heatmap,Air Qulity,全国主要城市空气质量,,public/examples/ts/heatmap-map.ts,,unknown/static option,,,"3（x,y,value）",,,"三元组: x, y, value（3 字段）",low（官方示例源码未在 public/examples/ts 中找到；按分类规则推断）
matrix-mini-bar-data-collection,matrix,Matrix Header Data Collection (Mini Bar),矩阵坐标系表头数据自动收集（以微型条形图为例）,,public/examples/ts/matrix-mini-bar-data-collection.ts,custom,dataset+dataset.source,,10,7,7,,自定义 series；字段由 renderItem/encode 决定,medium（基于官方示例源码静态解析 + 分类规则）
doc-example/aria-decal,,,,,public/examples/ts/doc-example/aria-decal.ts,,unknown/static option,,,,,,见示例 option；字段由 series/dataset encode 决定,low（官方示例源码未在 public/examples/ts 中找到；按分类规则推断）
doc-example/aria-decal-newspaper,,,,,public/examples/ts/doc-example/aria-decal-newspaper.ts,,unknown/static option,,,,,,见示例 option；字段由 series/dataset encode 决定,low（官方示例源码未在 public/examples/ts 中找到；按分类规则推断）
doc-example/aria-decal-simple,,,,,public/examples/ts/doc-example/aria-decal-simple.ts,,unknown/static option,,,,,,见示例 option；字段由 series/dataset encode 决定,low（官方示例源码未在 public/examples/ts 中找到；按分类规则推断）
doc-example/aria-pie,,,,,public/examples/ts/doc-example/aria-pie.ts,,unknown/static option,,,,,,见示例 option；字段由 series/dataset encode 决定,low（官方示例源码未在 public/examples/ts 中找到；按分类规则推断）
doc-example/axis-label-align-min-max,,,,,public/examples/ts/doc-example/axis-label-align-min-max.ts,,unknown/static option,,,,,,见示例 option；字段由 series/dataset encode 决定,low（官方示例源码未在 public/examples/ts 中找到；按分类规则推断）
doc-example/axisPointer-handle-image,,,,,public/examples/ts/doc-example/axisPointer-handle-image.ts,,unknown/static option,,,,,,见示例 option；字段由 series/dataset encode 决定,low（官方示例源码未在 public/examples/ts 中找到；按分类规则推断）
doc-example/bar-dataZoom-filterMode,,,,,public/examples/ts/doc-example/bar-dataZoom-filterMode.ts,,unknown/static option,,,,,,见示例 option；字段由 series/dataset encode 决定,low（官方示例源码未在 public/examples/ts 中找到；按分类规则推断）
doc-example/bar-large,,,,,public/examples/ts/doc-example/bar-large.ts,,unknown/static option,,,,,,见示例 option；字段由 series/dataset encode 决定,low（官方示例源码未在 public/examples/ts 中找到；按分类规则推断）
doc-example/bar-media-timeline,,,,,public/examples/ts/doc-example/bar-media-timeline.ts,,unknown/static option,,,,,,见示例 option；字段由 series/dataset encode 决定,low（官方示例源码未在 public/examples/ts 中找到；按分类规则推断）
doc-example/barGrid-barGap,,,,,public/examples/ts/doc-example/barGrid-barGap.ts,,unknown/static option,,,,,,见示例 option；字段由 series/dataset encode 决定,low（官方示例源码未在 public/examples/ts 中找到；按分类规则推断）
doc-example/candlestick-axisPointer,,,,,public/examples/ts/doc-example/candlestick-axisPointer.ts,,unknown/static option,,,,,,见示例 option；字段由 series/dataset encode 决定,low（官方示例源码未在 public/examples/ts 中找到；按分类规则推断）
doc-example/canvas-vs-svg,,,,,public/examples/ts/doc-example/canvas-vs-svg.ts,,unknown/static option,,,,,,见示例 option；字段由 series/dataset encode 决定,low（官方示例源码未在 public/examples/ts 中找到；按分类规则推断）
doc-example/canvas-vs-svg-en,,,,,public/examples/ts/doc-example/canvas-vs-svg-en.ts,,unknown/static option,,,,,,见示例 option；字段由 series/dataset encode 决定,low（官方示例源码未在 public/examples/ts 中找到；按分类规则推断）
doc-example/custom-transition-simple,,,,,public/examples/ts/doc-example/custom-transition-simple.ts,,unknown/static option,,,,,,见示例 option；字段由 series/dataset encode 决定,low（官方示例源码未在 public/examples/ts 中找到；按分类规则推断）
doc-example/data-transform-multiple-sort-bar,,,,,public/examples/ts/doc-example/data-transform-multiple-sort-bar.ts,,unknown/static option,,,,,,见示例 option；字段由 series/dataset encode 决定,low（官方示例源码未在 public/examples/ts 中找到；按分类规则推断）
doc-example/dataset-encode-simple0,,,,,public/examples/ts/doc-example/dataset-encode-simple0.ts,,unknown/static option,,,,,,见示例 option；字段由 series/dataset encode 决定,low（官方示例源码未在 public/examples/ts 中找到；按分类规则推断）
doc-example/geo-roam-indicator,,geo roam indicator demo,,,public/examples/ts/doc-example/geo-roam-indicator.ts,,unknown/static option,,,,,,见示例 option；字段由 series/dataset encode 决定,low（官方示例源码未在 public/examples/ts 中找到；按分类规则推断）
doc-example/geo-svg-label-basic,,,,,public/examples/ts/doc-example/geo-svg-label-basic.ts,,unknown/static option,,,,,,见示例 option；字段由 series/dataset encode 决定,low（官方示例源码未在 public/examples/ts 中找到；按分类规则推断）
doc-example/geo-svg-layout-basic,,,,,public/examples/ts/doc-example/geo-svg-layout-basic.ts,,unknown/static option,,,,,,见示例 option；字段由 series/dataset encode 决定,low（官方示例源码未在 public/examples/ts 中找到；按分类规则推断）
doc-example/geo-svg-named-basic,,,,,public/examples/ts/doc-example/geo-svg-named-basic.ts,,unknown/static option,,,,,,见示例 option；字段由 series/dataset encode 决定,low（官方示例源码未在 public/examples/ts 中找到；按分类规则推断）
doc-example/getting-started,,,,,public/examples/ts/doc-example/getting-started.ts,,unknown/static option,,,,,,见示例 option；字段由 series/dataset encode 决定,low（官方示例源码未在 public/examples/ts 中找到；按分类规则推断）
doc-example/graph-roam-indicator,,graph roam indicator demo,,,public/examples/ts/doc-example/graph-roam-indicator.ts,,unknown/static option,,,,,,见示例 option；字段由 series/dataset encode 决定,low（官方示例源码未在 public/examples/ts 中找到；按分类规则推断）
doc-example/graphic-bounding,,,,,public/examples/ts/doc-example/graphic-bounding.ts,,unknown/static option,,,,,,见示例 option；字段由 series/dataset encode 决定,low（官方示例源码未在 public/examples/ts 中找到；按分类规则推断）
doc-example/grid-outerBounds,,grid outerBounds example,,,public/examples/ts/doc-example/grid-outerBounds.ts,,unknown/static option,,,,,,见示例 option；字段由 series/dataset encode 决定,low（官方示例源码未在 public/examples/ts 中找到；按分类规则推断）
doc-example/label-position,,,,,public/examples/ts/doc-example/label-position.ts,,unknown/static option,,,,,,见示例 option；字段由 series/dataset encode 决定,low（官方示例源码未在 public/examples/ts 中找到；按分类规则推断）
doc-example/line-stack-tiled,,,,,public/examples/ts/doc-example/line-stack-tiled.ts,,unknown/static option,,,,,,见示例 option；字段由 series/dataset encode 决定,low（官方示例源码未在 public/examples/ts 中找到；按分类规则推断）
doc-example/map-example,,,,,public/examples/ts/doc-example/map-example.ts,,unknown/static option,,,,,,见示例 option；字段由 series/dataset encode 决定,low（官方示例源码未在 public/examples/ts 中找到；按分类规则推断）
doc-example/map-visualMap-continuous,,,,,public/examples/ts/doc-example/map-visualMap-continuous.ts,,unknown/static option,,,,,,见示例 option；字段由 series/dataset encode 决定,low（官方示例源码未在 public/examples/ts 中找到；按分类规则推断）
doc-example/map-visualMap-continuous-text,,,,,public/examples/ts/doc-example/map-visualMap-continuous-text.ts,,unknown/static option,,,,,,见示例 option；字段由 series/dataset encode 决定,low（官方示例源码未在 public/examples/ts 中找到；按分类规则推断）
doc-example/map-visualMap-pieces,,,,,public/examples/ts/doc-example/map-visualMap-pieces.ts,,unknown/static option,,,,,,见示例 option；字段由 series/dataset encode 决定,low（官方示例源码未在 public/examples/ts 中找到；按分类规则推断）
doc-example/map-visualMap-piecewise-text,,,,,public/examples/ts/doc-example/map-visualMap-piecewise-text.ts,,unknown/static option,,,,,,见示例 option；字段由 series/dataset encode 决定,low（官方示例源码未在 public/examples/ts 中找到；按分类规则推断）
doc-example/matrix-graph-box,,,,,public/examples/ts/doc-example/matrix-graph-box.ts,graph,dataset.source+series.data+nodes+links,,,4,,4,nodes + links/categories；节点常含 name/value/symbolSize,medium（基于官方示例源码静态解析 + 分类规则）
doc-example/mix-timeline-all,,,,,public/examples/ts/doc-example/mix-timeline-all.ts,,unknown/static option,,,,,,见示例 option；字段由 series/dataset encode 决定,low（官方示例源码未在 public/examples/ts 中找到；按分类规则推断）
doc-example/parallel-all,,,,,public/examples/ts/doc-example/parallel-all.ts,,unknown/static option,,,,,,见示例 option；字段由 series/dataset encode 决定,low（官方示例源码未在 public/examples/ts 中找到；按分类规则推断）
doc-example/pictorialBar-clip,,,,,public/examples/ts/doc-example/pictorialBar-clip.ts,,unknown/static option,,,,,,见示例 option；字段由 series/dataset encode 决定,low（官方示例源码未在 public/examples/ts 中找到；按分类规则推断）
doc-example/pictorialBar-graphicType,,,,,public/examples/ts/doc-example/pictorialBar-graphicType.ts,,unknown/static option,,,,,,见示例 option；字段由 series/dataset encode 决定,low（官方示例源码未在 public/examples/ts 中找到；按分类规则推断）
doc-example/pictorialBar-patternSize,,,,,public/examples/ts/doc-example/pictorialBar-patternSize.ts,,unknown/static option,,,,,,见示例 option；字段由 series/dataset encode 决定,low（官方示例源码未在 public/examples/ts 中找到；按分类规则推断）
doc-example/pictorialBar-position,,,,,public/examples/ts/doc-example/pictorialBar-position.ts,,unknown/static option,,,,,,见示例 option；字段由 series/dataset encode 决定,low（官方示例源码未在 public/examples/ts 中找到；按分类规则推断）
doc-example/pictorialBar-repeat,,,,,public/examples/ts/doc-example/pictorialBar-repeat.ts,,unknown/static option,,,,,,见示例 option；字段由 series/dataset encode 决定,low（官方示例源码未在 public/examples/ts 中找到；按分类规则推断）
doc-example/pictorialBar-repeatDirection,,,,,public/examples/ts/doc-example/pictorialBar-repeatDirection.ts,,unknown/static option,,,,,,见示例 option；字段由 series/dataset encode 决定,low（官方示例源码未在 public/examples/ts 中找到；按分类规则推断）
doc-example/pictorialBar-repeatLayout,,,,,public/examples/ts/doc-example/pictorialBar-repeatLayout.ts,,unknown/static option,,,,,,见示例 option；字段由 series/dataset encode 决定,low（官方示例源码未在 public/examples/ts 中找到；按分类规则推断）
doc-example/pictorialBar-symbolBoundingDataArray,,,,,public/examples/ts/doc-example/pictorialBar-symbolBoundingDataArray.ts,,unknown/static option,,,,,,见示例 option；字段由 series/dataset encode 决定,low（官方示例源码未在 public/examples/ts 中找到；按分类规则推断）
doc-example/pictorialBar-symbolSize,,,,,public/examples/ts/doc-example/pictorialBar-symbolSize.ts,,unknown/static option,,,,,,见示例 option；字段由 series/dataset encode 决定,low（官方示例源码未在 public/examples/ts 中找到；按分类规则推断）
doc-example/pie-highlight,,,,,public/examples/ts/doc-example/pie-highlight.ts,,unknown/static option,,,,,,见示例 option；字段由 series/dataset encode 决定,low（官方示例源码未在 public/examples/ts 中找到；按分类规则推断）
doc-example/pie-label-bleedMargin,,,,,public/examples/ts/doc-example/pie-label-bleedMargin.ts,,unknown/static option,,,,,,见示例 option；字段由 series/dataset encode 决定,low（官方示例源码未在 public/examples/ts 中找到；按分类规则推断）
doc-example/pie-label-distanceToLabelLine,,,,,public/examples/ts/doc-example/pie-label-distanceToLabelLine.ts,,unknown/static option,,,,,,见示例 option；字段由 series/dataset encode 决定,low（官方示例源码未在 public/examples/ts 中找到；按分类规则推断）
doc-example/pie-label-margin,,,,,public/examples/ts/doc-example/pie-label-margin.ts,,unknown/static option,,,,,,见示例 option；字段由 series/dataset encode 决定,low（官方示例源码未在 public/examples/ts 中找到；按分类规则推断）
doc-example/pie-media,,,,,public/examples/ts/doc-example/pie-media.ts,,unknown/static option,,,,,,见示例 option；字段由 series/dataset encode 决定,low（官方示例源码未在 public/examples/ts 中找到；按分类规则推断）
doc-example/polar-anticlockwise,,,,,public/examples/ts/doc-example/polar-anticlockwise.ts,,unknown/static option,,,,,,见示例 option；字段由 series/dataset encode 决定,low（官方示例源码未在 public/examples/ts 中找到；按分类规则推断）
doc-example/polar-end-angle,,,,,public/examples/ts/doc-example/polar-end-angle.ts,,unknown/static option,,,,,,见示例 option；字段由 series/dataset encode 决定,low（官方示例源码未在 public/examples/ts 中找到；按分类规则推断）
doc-example/polar-start-angle,,,,,public/examples/ts/doc-example/polar-start-angle.ts,,unknown/static option,,,,,,见示例 option；字段由 series/dataset encode 决定,low（官方示例源码未在 public/examples/ts 中找到；按分类规则推断）
doc-example/radar,,,,,public/examples/ts/doc-example/radar.ts,,unknown/static option,,,,,,见示例 option；字段由 series/dataset encode 决定,low（官方示例源码未在 public/examples/ts 中找到；按分类规则推断）
doc-example/scatter-dataZoom-all,,,,,public/examples/ts/doc-example/scatter-dataZoom-all.ts,,unknown/static option,,,,,,见示例 option；字段由 series/dataset encode 决定,low（官方示例源码未在 public/examples/ts 中找到；按分类规则推断）
doc-example/scatter-jitter-avoidOverlap,,,,,public/examples/ts/doc-example/scatter-jitter-avoidOverlap.ts,,unknown/static option,,,,,,见示例 option；字段由 series/dataset encode 决定,low（官方示例源码未在 public/examples/ts 中找到；按分类规则推断）
doc-example/scatter-tutorial-dataZoom-1,,,,,public/examples/ts/doc-example/scatter-tutorial-dataZoom-1.ts,,unknown/static option,,,,,,见示例 option；字段由 series/dataset encode 决定,low（官方示例源码未在 public/examples/ts 中找到；按分类规则推断）
doc-example/scatter-tutorial-dataZoom-2,,,,,public/examples/ts/doc-example/scatter-tutorial-dataZoom-2.ts,,unknown/static option,,,,,,见示例 option；字段由 series/dataset encode 决定,low（官方示例源码未在 public/examples/ts 中找到；按分类规则推断）
doc-example/scatter-tutorial-dataZoom-3,,,,,public/examples/ts/doc-example/scatter-tutorial-dataZoom-3.ts,,unknown/static option,,,,,,见示例 option；字段由 series/dataset encode 决定,low（官方示例源码未在 public/examples/ts 中找到；按分类规则推断）
doc-example/scatter-visualMap-categories,,,,,public/examples/ts/doc-example/scatter-visualMap-categories.ts,,unknown/static option,,,,,,见示例 option；字段由 series/dataset encode 决定,low（官方示例源码未在 public/examples/ts 中找到；按分类规则推断）
doc-example/scatter-visualMap-piecewise,,,,,public/examples/ts/doc-example/scatter-visualMap-piecewise.ts,,unknown/static option,,,,,,见示例 option；字段由 series/dataset encode 决定,low（官方示例源码未在 public/examples/ts 中找到；按分类规则推断）
doc-example/sunburst-color,,,,,public/examples/ts/doc-example/sunburst-color.ts,,unknown/static option,,,,,,见示例 option；字段由 series/dataset encode 决定,low（官方示例源码未在 public/examples/ts 中找到；按分类规则推断）
doc-example/sunburst-highlight-ancestor,,,,,public/examples/ts/doc-example/sunburst-highlight-ancestor.ts,,unknown/static option,,,,,,见示例 option；字段由 series/dataset encode 决定,low（官方示例源码未在 public/examples/ts 中找到；按分类规则推断）
doc-example/sunburst-highlight-descendant,,,,,public/examples/ts/doc-example/sunburst-highlight-descendant.ts,,unknown/static option,,,,,,见示例 option；字段由 series/dataset encode 决定,low（官方示例源码未在 public/examples/ts 中找到；按分类规则推断）
doc-example/sunburst-label-align,,,,,public/examples/ts/doc-example/sunburst-label-align.ts,,unknown/static option,,,,,,见示例 option；字段由 series/dataset encode 决定,low（官方示例源码未在 public/examples/ts 中找到；按分类规则推断）
doc-example/sunburst-simple,,,,,public/examples/ts/doc-example/sunburst-simple.ts,,unknown/static option,,,,,,见示例 option；字段由 series/dataset encode 决定,low（官方示例源码未在 public/examples/ts 中找到；按分类规则推断）
doc-example/text-block-fragment,,,,,public/examples/ts/doc-example/text-block-fragment.ts,,unknown/static option,,,,,,见示例 option；字段由 series/dataset encode 决定,low（官方示例源码未在 public/examples/ts 中找到；按分类规则推断）
doc-example/text-fregment-align,,,,,public/examples/ts/doc-example/text-fregment-align.ts,,unknown/static option,,,,,,见示例 option；字段由 series/dataset encode 决定,low（官方示例源码未在 public/examples/ts 中找到；按分类规则推断）
doc-example/text-options,,,,,public/examples/ts/doc-example/text-options.ts,,unknown/static option,,,,,,见示例 option；字段由 series/dataset encode 决定,low（官方示例源码未在 public/examples/ts 中找到；按分类规则推断）
doc-example/timeline-dynamic-series,,,,,public/examples/ts/doc-example/timeline-dynamic-series.ts,,unknown/static option,,,,,,见示例 option；字段由 series/dataset encode 决定,low（官方示例源码未在 public/examples/ts 中找到；按分类规则推断）
doc-example/title-block,,,,,public/examples/ts/doc-example/title-block.ts,,unknown/static option,,,,,,见示例 option；字段由 series/dataset encode 决定,low（官方示例源码未在 public/examples/ts 中找到；按分类规则推断）
doc-example/treemap-borderColor,,,,,public/examples/ts/doc-example/treemap-borderColor.ts,,unknown/static option,,,,,,见示例 option；字段由 series/dataset encode 决定,low（官方示例源码未在 public/examples/ts 中找到；按分类规则推断）
doc-example/tutorial-async,,,,,public/examples/ts/doc-example/tutorial-async.ts,,unknown/static option,,,,,,见示例 option；字段由 series/dataset encode 决定,low（官方示例源码未在 public/examples/ts 中找到；按分类规则推断）
doc-example/tutorial-dynamic-data,,,,,public/examples/ts/doc-example/tutorial-dynamic-data.ts,,unknown/static option,,,,,,见示例 option；字段由 series/dataset encode 决定,low（官方示例源码未在 public/examples/ts 中找到；按分类规则推断）
doc-example/tutorial-loading,,,,,public/examples/ts/doc-example/tutorial-loading.ts,,unknown/static option,,,,,,见示例 option；字段由 series/dataset encode 决定,low（官方示例源码未在 public/examples/ts 中找到；按分类规则推断）
doc-example/tutorial-styling-step0,,,,,public/examples/ts/doc-example/tutorial-styling-step0.ts,,unknown/static option,,,,,,见示例 option；字段由 series/dataset encode 决定,low（官方示例源码未在 public/examples/ts 中找到；按分类规则推断）
doc-example/tutorial-styling-step1,,,,,public/examples/ts/doc-example/tutorial-styling-step1.ts,,unknown/static option,,,,,,见示例 option；字段由 series/dataset encode 决定,low（官方示例源码未在 public/examples/ts 中找到；按分类规则推断）
doc-example/tutorial-styling-step2,,,,,public/examples/ts/doc-example/tutorial-styling-step2.ts,,unknown/static option,,,,,,见示例 option；字段由 series/dataset encode 决定,low（官方示例源码未在 public/examples/ts 中找到；按分类规则推断）
doc-example/tutorial-styling-step3,,,,,public/examples/ts/doc-example/tutorial-styling-step3.ts,,unknown/static option,,,,,,见示例 option；字段由 series/dataset encode 决定,low（官方示例源码未在 public/examples/ts 中找到；按分类规则推断）
doc-example/tutorial-styling-step4,,,,,public/examples/ts/doc-example/tutorial-styling-step4.ts,,unknown/static option,,,,,,见示例 option；字段由 series/dataset encode 决定,low（官方示例源码未在 public/examples/ts 中找到；按分类规则推断）
doc-example/tutorial-styling-step5,,,,,public/examples/ts/doc-example/tutorial-styling-step5.ts,,unknown/static option,,,,,,见示例 option；字段由 series/dataset encode 决定,low（官方示例源码未在 public/examples/ts 中找到；按分类规则推断）
doc-example/value-animation-simple,,,,,public/examples/ts/doc-example/value-animation-simple.ts,,unknown/static option,,,,,,见示例 option；字段由 series/dataset encode 决定,low（官方示例源码未在 public/examples/ts 中找到；按分类规则推断）
geo-lines,map,Migration,模拟迁徙,geo-lines.png,public/examples/ts/geo-lines.ts,,unknown/static option,,,"2+（name,value；另需地图数据）",,,"地图区域名 + 数值: name, value；另需 map/geoJSON",low（官方示例源码未在 public/examples/ts 中找到；按分类规则推断）
geo-map-scatter,map,map and scatter share a geo,map and scatter share a geo,,public/examples/ts/geo-map-scatter.ts,,unknown/static option,,,"2+（name,value；另需地图数据）",,,"地图区域名 + 数值: name, value；另需 map/geoJSON",low（官方示例源码未在 public/examples/ts 中找到；按分类规则推断）
lines-bmap,map;lines,A Hiking Trail in Hangzhou - Baidu Map,杭州热门步行路线 - 百度地图,lines-bmap.png,public/examples/ts/lines-bmap.ts,lines,series.data+external file/api,,,2+（坐标/值，可附加维度）,,,"地图区域名 + 数值: name, value；另需 map/geoJSON；线段坐标: coords [[lng,lat],[lng,lat]] 或 from/to",medium（基于官方示例源码静态解析 + 分类规则）
lines-bmap-bus,map;lines,Bus Lines of Beijing - Baidu Map,北京公交路线 - 百度地图,lines-bmap-bus.png,public/examples/ts/lines-bmap-bus.ts,lines,series.data+external file/api,,,2+（坐标/值，可附加维度）,,,"地图区域名 + 数值: name, value；另需 map/geoJSON；线段坐标: coords [[lng,lat],[lng,lat]] 或 from/to",medium（基于官方示例源码静态解析 + 分类规则）
lines-bmap-effect,map;lines,Bus Lines of Beijing - Line Effect,北京公交路线 - 线特效,lines-bmap-effect.png,public/examples/ts/lines-bmap-effect.ts,lines,series.data+external file/api,,,2+（坐标/值，可附加维度）,,,"地图区域名 + 数值: name, value；另需 map/geoJSON；线段坐标: coords [[lng,lat],[lng,lat]] 或 from/to",medium（基于官方示例源码静态解析 + 分类规则）
map-bin,map,Binning on Map,在地图上显示分箱图,map-bin.png,public/examples/ts/map-bin.ts,,unknown/static option,,,"2+（name,value；另需地图数据）",,,"地图区域名 + 数值: name, value；另需 map/geoJSON",low（官方示例源码未在 public/examples/ts 中找到；按分类规则推断）
map-polygon,map,Draw Polygon on Map,在地图上绘制多边形,,public/examples/ts/map-polygon.ts,,unknown/static option,,,"2+（name,value；另需地图数据）",,,"地图区域名 + 数值: name, value；另需 map/geoJSON",low（官方示例源码未在 public/examples/ts 中找到；按分类规则推断）
scatter-map,scatter,Air Quality,全国主要城市空气质量,,public/examples/ts/scatter-map.ts,,unknown/static option,,,2+（坐标/值，可附加维度）,,,"点坐标: x, y（可附加 value/size 等）",low（官方示例源码未在 public/examples/ts 中找到；按分类规则推断）
scatter-map-brush,scatter,Scatter Map Brush,Scatter Map Brush,,public/examples/ts/scatter-map-brush.ts,bar;effectScatter;scatter,series.data,,,2,2,2,"点坐标: x, y（可附加 value/size 等）；类目/时间 + 数值，或多维 dataset",medium（基于官方示例源码静态解析 + 分类规则）
scatter-weibo,scatter,Sign in of weibo,微博签到数据点亮中国,scatter-weibo.png,public/examples/ts/scatter-weibo.ts,scatter,series.data+external file/api,,,2,2,,"点坐标: x, y（可附加 value/size 等）",medium（基于官方示例源码静态解析 + 分类规则）
